game_id,date,team,opponent,team_name,opponent_name,team_score,opponent_score,margin,location,pace,completed,year
0021100001,2011-12-25,NYK,BOS,New York Knicks,Boston Celtics,106.0,104.0,2.0,Home,,True,2012
0021100002,2011-12-25,DAL,MIA,Dallas Mavericks,Miami Heat,94.0,105.0,-11.0,Home,,True,2012
0021100003,2011-12-25,LAL,CHI,Los Angeles Lakers,Chicago Bulls,87.0,88.0,-1.0,Home,,True,2012
0021100004,2011-12-25,OKC,ORL,Oklahoma City Thunder,Orlando Magic,97.0,89.0,8.0,Home,,True,2012
0021100005,2011-12-25,GSW,LAC,Golden State Warriors,Los Angeles Clippers,86.0,105.0,-19.0,Home,,True,2012
0021100006,2011-12-26,WAS,NJN,Washington Wizards,New Jersey Nets,84.0,90.0,-6.0,Home,,True,2012
0021100007,2011-12-26,CHA,MIL,Charlotte Bobcats,Milwaukee Bucks,96.0,95.0,1.0,Home,,True,2012
0021100008,2011-12-26,ORL,HOU,Orlando Magic,Houston Rockets,104.0,95.0,9.0,Home,,True,2012
0021100009,2011-12-26,CLE,TOR,Cleveland Cavaliers,Toronto Raptors,96.0,104.0,-8.0,Home,,True,2012
0021100010,2011-12-26,IND,DET,Indiana Pacers,Detroit Pistons,91.0,79.0,12.0,Home,,True,2012
0021100011,2011-12-26,MIN,OKC,Minnesota Timberwolves,Oklahoma City Thunder,100.0,104.0,-4.0,Home,,True,2012
0021100012,2011-12-26,DAL,DEN,Dallas Mavericks,Denver Nuggets,93.0,115.0,-22.0,Home,,True,2012
0021100013,2011-12-26,SAS,MEM,San Antonio Spurs,Memphis Grizzlies,95.0,82.0,13.0,Home,,True,2012
0021100014,2011-12-26,PHX,NOH,Phoenix Suns,New Orleans Hornets,84.0,85.0,-1.0,Home,,True,2012
0021100015,2011-12-26,SAC,LAL,Sacramento Kings,Los Angeles Lakers,100.0,91.0,9.0,Home,,True,2012
0021100016,2011-12-26,POR,PHI,Portland Trail Blazers,Philadelphia 76ers,107.0,103.0,4.0,Home,,True,2012
0021100017,2011-12-26,GSW,CHI,Golden State Warriors,Chicago Bulls,99.0,91.0,8.0,Home,,True,2012
0021100018,2011-12-27,NJN,ATL,New Jersey Nets,Atlanta Hawks,70.0,106.0,-36.0,Home,,True,2012
0021100019,2011-12-27,MIA,BOS,Miami Heat,Boston Celtics,115.0,107.0,8.0,Home,,True,2012
0021100020,2011-12-27,MIL,MIN,Milwaukee Bucks,Minnesota Timberwolves,98.0,95.0,3.0,Home,,True,2012
0021100021,2011-12-27,POR,SAC,Portland Trail Blazers,Sacramento Kings,101.0,79.0,22.0,Home,,True,2012
0021100022,2011-12-27,LAL,UTA,Los Angeles Lakers,Utah Jazz,96.0,71.0,25.0,Home,,True,2012
0021100023,2011-12-28,TOR,IND,Toronto Raptors,Indiana Pacers,85.0,90.0,-5.0,Home,,True,2012
0021100024,2011-12-28,CHA,MIA,Charlotte Bobcats,Miami Heat,95.0,96.0,-1.0,Home,,True,2012
0021100025,2011-12-28,ATL,WAS,Atlanta Hawks,Washington Wizards,101.0,83.0,18.0,Home,,True,2012
0021100026,2011-12-28,DET,CLE,Detroit Pistons,Cleveland Cavaliers,89.0,105.0,-16.0,Home,,True,2012
0021100027,2011-12-28,MEM,OKC,Memphis Grizzlies,Oklahoma City Thunder,95.0,98.0,-3.0,Home,,True,2012
0021100028,2011-12-28,NOH,BOS,New Orleans Hornets,Boston Celtics,97.0,78.0,19.0,Home,,True,2012
0021100029,2011-12-28,SAS,LAC,San Antonio Spurs,Los Angeles Clippers,115.0,90.0,25.0,Home,,True,2012
0021100030,2011-12-28,DEN,UTA,Denver Nuggets,Utah Jazz,117.0,100.0,17.0,Home,,True,2012
0021100031,2011-12-28,PHX,PHI,Phoenix Suns,Philadelphia 76ers,83.0,103.0,-20.0,Home,,True,2012
0021100032,2011-12-28,GSW,NYK,Golden State Warriors,New York Knicks,92.0,78.0,14.0,Home,,True,2012
0021100033,2011-12-29,ORL,NJN,Orlando Magic,New Jersey Nets,94.0,78.0,16.0,Home,,True,2012
0021100034,2011-12-29,HOU,SAS,Houston Rockets,San Antonio Spurs,105.0,85.0,20.0,Home,,True,2012
0021100035,2011-12-29,OKC,DAL,Oklahoma City Thunder,Dallas Mavericks,104.0,102.0,2.0,Home,,True,2012
0021100036,2011-12-29,SAC,CHI,Sacramento Kings,Chicago Bulls,98.0,108.0,-10.0,Home,,True,2012
0021100037,2011-12-29,POR,DEN,Portland Trail Blazers,Denver Nuggets,111.0,102.0,9.0,Home,,True,2012
0021100038,2011-12-29,LAL,NYK,Los Angeles Lakers,New York Knicks,99.0,82.0,17.0,Home,,True,2012
0021100039,2011-12-30,CHA,ORL,Charlotte Bobcats,Orlando Magic,79.0,100.0,-21.0,Home,,True,2012
0021100040,2011-12-30,IND,CLE,Indiana Pacers,Cleveland Cavaliers,98.0,91.0,7.0,Home,,True,2012
0021100041,2011-12-30,BOS,DET,Boston Celtics,Detroit Pistons,96.0,85.0,11.0,Home,,True,2012
0021100042,2011-12-30,ATL,NJN,Atlanta Hawks,New Jersey Nets,105.0,98.0,7.0,Home,,True,2012
0021100043,2011-12-30,MEM,HOU,Memphis Grizzlies,Houston Rockets,113.0,93.0,20.0,Home,,True,2012
0021100044,2011-12-30,NOH,PHX,New Orleans Hornets,Phoenix Suns,78.0,93.0,-15.0,Home,,True,2012
0021100045,2011-12-30,MIN,MIA,Minnesota Timberwolves,Miami Heat,101.0,103.0,-2.0,Home,,True,2012
0021100046,2011-12-30,MIL,WAS,Milwaukee Bucks,Washington Wizards,102.0,81.0,21.0,Home,,True,2012
0021100047,2011-12-30,DAL,TOR,Dallas Mavericks,Toronto Raptors,99.0,86.0,13.0,Home,,True,2012
0021100048,2011-12-30,UTA,PHI,Utah Jazz,Philadelphia 76ers,102.0,99.0,3.0,Home,,True,2012
0021100049,2011-12-30,LAC,CHI,Los Angeles Clippers,Chicago Bulls,101.0,114.0,-13.0,Home,,True,2012
0021100050,2011-12-31,LAL,DEN,Los Angeles Lakers,Denver Nuggets,92.0,89.0,3.0,Home,,True,2012
0021100051,2011-12-31,DET,IND,Detroit Pistons,Indiana Pacers,96.0,88.0,8.0,Home,,True,2012
0021100052,2011-12-31,HOU,ATL,Houston Rockets,Atlanta Hawks,95.0,84.0,11.0,Home,,True,2012
0021100053,2011-12-31,OKC,PHX,Oklahoma City Thunder,Phoenix Suns,107.0,97.0,10.0,Home,,True,2012
0021100054,2011-12-31,SAC,NYK,Sacramento Kings,New York Knicks,92.0,114.0,-22.0,Home,,True,2012
0021100055,2011-12-31,SAS,UTA,San Antonio Spurs,Utah Jazz,104.0,89.0,15.0,Home,,True,2012
0021100056,2011-12-31,GSW,PHI,Golden State Warriors,Philadelphia 76ers,79.0,107.0,-28.0,Home,,True,2012
0021100057,2012-01-01,WAS,BOS,Washington Wizards,Boston Celtics,86.0,94.0,-8.0,Home,,True,2012
0021100058,2012-01-01,ORL,TOR,Orlando Magic,Toronto Raptors,102.0,96.0,6.0,Home,,True,2012
0021100059,2012-01-01,MIA,CHA,Miami Heat,Charlotte Bobcats,129.0,90.0,39.0,Home,,True,2012
0021100060,2012-01-01,CLE,NJN,Cleveland Cavaliers,New Jersey Nets,98.0,82.0,16.0,Home,,True,2012
0021100061,2012-01-01,MIN,DAL,Minnesota Timberwolves,Dallas Mavericks,99.0,82.0,17.0,Home,,True,2012
0021100062,2012-01-01,CHI,MEM,Chicago Bulls,Memphis Grizzlies,104.0,64.0,40.0,Home,,True,2012
0021100063,2012-01-01,DEN,LAL,Denver Nuggets,Los Angeles Lakers,99.0,90.0,9.0,Home,,True,2012
0021100064,2012-01-01,SAC,NOH,Sacramento Kings,New Orleans Hornets,96.0,80.0,16.0,Home,,True,2012
0021100065,2012-01-01,LAC,POR,Los Angeles Clippers,Portland Trail Blazers,93.0,88.0,5.0,Home,,True,2012
0021100066,2012-01-02,PHX,GSW,Phoenix Suns,Golden State Warriors,102.0,91.0,11.0,Home,,True,2012
0021100067,2012-01-02,BOS,WAS,Boston Celtics,Washington Wizards,100.0,92.0,8.0,Home,,True,2012
0021100068,2012-01-02,NJN,IND,New Jersey Nets,Indiana Pacers,94.0,108.0,-14.0,Home,,True,2012
0021100069,2012-01-02,NYK,TOR,New York Knicks,Toronto Raptors,85.0,90.0,-5.0,Home,,True,2012
0021100070,2012-01-02,MIA,ATL,Miami Heat,Atlanta Hawks,92.0,100.0,-8.0,Home,,True,2012
0021100071,2012-01-02,DET,ORL,Detroit Pistons,Orlando Magic,89.0,78.0,11.0,Home,,True,2012
0021100072,2012-01-02,MIN,SAS,Minnesota Timberwolves,San Antonio Spurs,106.0,96.0,10.0,Home,,True,2012
0021100073,2012-01-02,DAL,OKC,Dallas Mavericks,Oklahoma City Thunder,100.0,87.0,13.0,Home,,True,2012
0021100074,2012-01-02,DEN,MIL,Denver Nuggets,Milwaukee Bucks,91.0,86.0,5.0,Home,,True,2012
0021100075,2012-01-02,UTA,NOH,Utah Jazz,New Orleans Hornets,94.0,90.0,4.0,Home,,True,2012
0021100076,2012-01-03,CLE,CHA,Cleveland Cavaliers,Charlotte Bobcats,115.0,101.0,14.0,Home,,True,2012
0021100077,2012-01-03,CHI,ATL,Chicago Bulls,Atlanta Hawks,76.0,74.0,2.0,Home,,True,2012
0021100078,2012-01-03,MEM,SAC,Memphis Grizzlies,Sacramento Kings,113.0,96.0,17.0,Home,,True,2012
0021100079,2012-01-03,OKC,POR,Oklahoma City Thunder,Portland Trail Blazers,93.0,103.0,-10.0,Home,,True,2012
0021100080,2012-01-03,UTA,MIL,Utah Jazz,Milwaukee Bucks,85.0,73.0,12.0,Home,,True,2012
0021100081,2012-01-03,LAL,HOU,Los Angeles Lakers,Houston Rockets,108.0,99.0,9.0,Home,,True,2012
0021100082,2012-01-04,TOR,CLE,Toronto Raptors,Cleveland Cavaliers,92.0,77.0,15.0,Home,,True,2012
0021100083,2012-01-04,ORL,WAS,Orlando Magic,Washington Wizards,103.0,85.0,18.0,Home,,True,2012
0021100084,2012-01-04,BOS,NJN,Boston Celtics,New Jersey Nets,89.0,70.0,19.0,Home,,True,2012
0021100085,2012-01-04,NYK,CHA,New York Knicks,Charlotte Bobcats,110.0,118.0,-8.0,Home,,True,2012
0021100086,2012-01-04,MIA,IND,Miami Heat,Indiana Pacers,118.0,83.0,35.0,Home,,True,2012
0021100087,2012-01-04,DET,CHI,Detroit Pistons,Chicago Bulls,83.0,99.0,-16.0,Home,,True,2012
0021100088,2012-01-04,NOH,PHI,New Orleans Hornets,Philadelphia 76ers,93.0,101.0,-8.0,Home,,True,2012
0021100089,2012-01-04,MIN,MEM,Minnesota Timberwolves,Memphis Grizzlies,86.0,90.0,-4.0,Home,,True,2012
0021100090,2012-01-04,DAL,PHX,Dallas Mavericks,Phoenix Suns,98.0,89.0,9.0,Home,,True,2012
0021100091,2012-01-04,SAS,GSW,San Antonio Spurs,Golden State Warriors,101.0,95.0,6.0,Home,,True,2012
0021100092,2012-01-04,DEN,SAC,Denver Nuggets,Sacramento Kings,110.0,83.0,27.0,Home,,True,2012
0021100093,2012-01-04,LAC,HOU,Los Angeles Clippers,Houston Rockets,117.0,89.0,28.0,Home,,True,2012
0021100094,2012-01-05,ATL,MIA,Atlanta Hawks,Miami Heat,109.0,116.0,-7.0,Home,,True,2012
0021100095,2012-01-05,SAS,DAL,San Antonio Spurs,Dallas Mavericks,93.0,71.0,22.0,Home,,True,2012
0021100096,2012-01-05,SAC,MIL,Sacramento Kings,Milwaukee Bucks,103.0,100.0,3.0,Home,,True,2012
0021100097,2012-01-05,POR,LAL,Portland Trail Blazers,Los Angeles Lakers,107.0,96.0,11.0,Home,,True,2012
0021100098,2012-01-06,TOR,NJN,Toronto Raptors,New Jersey Nets,85.0,97.0,-12.0,Home,,True,2012
0021100099,2012-01-06,PHI,DET,Philadelphia 76ers,Detroit Pistons,96.0,73.0,23.0,Home,,True,2012
0021100100,2012-01-06,WAS,NYK,Washington Wizards,New York Knicks,96.0,99.0,-3.0,Home,,True,2012
0021100101,2012-01-06,CHA,ATL,Charlotte Bobcats,Atlanta Hawks,96.0,102.0,-6.0,Home,,True,2012
0021100102,2012-01-06,BOS,IND,Boston Celtics,Indiana Pacers,74.0,87.0,-13.0,Home,,True,2012
0021100103,2012-01-06,ORL,CHI,Orlando Magic,Chicago Bulls,83.0,97.0,-14.0,Home,,True,2012
0021100104,2012-01-06,NOH,DEN,New Orleans Hornets,Denver Nuggets,88.0,96.0,-8.0,Home,,True,2012
0021100105,2012-01-06,OKC,HOU,Oklahoma City Thunder,Houston Rockets,109.0,94.0,15.0,Home,,True,2012
0021100106,2012-01-06,MIN,CLE,Minnesota Timberwolves,Cleveland Cavaliers,87.0,98.0,-11.0,Home,,True,2012
0021100107,2012-01-06,UTA,MEM,Utah Jazz,Memphis Grizzlies,94.0,85.0,9.0,Home,,True,2012
0021100108,2012-01-06,PHX,POR,Phoenix Suns,Portland Trail Blazers,102.0,77.0,25.0,Home,,True,2012
0021100109,2012-01-06,LAL,GSW,Los Angeles Lakers,Golden State Warriors,97.0,90.0,7.0,Home,,True,2012
0021100110,2012-01-07,ATL,CHI,Atlanta Hawks,Chicago Bulls,109.0,94.0,15.0,Home,,True,2012
0021100111,2012-01-07,IND,CHA,Indiana Pacers,Charlotte Bobcats,99.0,77.0,22.0,Home,,True,2012
0021100112,2012-01-07,NJN,MIA,New Jersey Nets,Miami Heat,90.0,101.0,-11.0,Home,,True,2012
0021100113,2012-01-07,DET,NYK,Detroit Pistons,New York Knicks,80.0,103.0,-23.0,Home,,True,2012
0021100114,2012-01-07,PHI,TOR,Philadelphia 76ers,Toronto Raptors,97.0,62.0,35.0,Home,,True,2012
0021100115,2012-01-07,HOU,OKC,Houston Rockets,Oklahoma City Thunder,95.0,98.0,-3.0,Home,,True,2012
0021100116,2012-01-07,SAS,DEN,San Antonio Spurs,Denver Nuggets,121.0,117.0,4.0,Home,,True,2012
0021100117,2012-01-07,DAL,NOH,Dallas Mavericks,New Orleans Hornets,96.0,81.0,15.0,Home,,True,2012
0021100118,2012-01-07,LAC,MIL,Los Angeles Clippers,Milwaukee Bucks,92.0,86.0,6.0,Home,,True,2012
0021100119,2012-01-07,GSW,UTA,Golden State Warriors,Utah Jazz,87.0,88.0,-1.0,Home,,True,2012
0021100120,2012-01-08,WAS,MIN,Washington Wizards,Minnesota Timberwolves,72.0,93.0,-21.0,Home,,True,2012
0021100121,2012-01-08,SAC,ORL,Sacramento Kings,Orlando Magic,97.0,104.0,-7.0,Home,,True,2012
0021100122,2012-01-08,OKC,SAS,Oklahoma City Thunder,San Antonio Spurs,108.0,96.0,12.0,Home,,True,2012
0021100123,2012-01-08,PHX,MIL,Phoenix Suns,Milwaukee Bucks,109.0,93.0,16.0,Home,,True,2012
0021100124,2012-01-08,POR,CLE,Portland Trail Blazers,Cleveland Cavaliers,98.0,78.0,20.0,Home,,True,2012
0021100125,2012-01-08,LAL,MEM,Los Angeles Lakers,Memphis Grizzlies,90.0,82.0,8.0,Home,,True,2012
0021100126,2012-01-09,TOR,MIN,Toronto Raptors,Minnesota Timberwolves,97.0,87.0,10.0,Home,,True,2012
0021100127,2012-01-09,PHI,IND,Philadelphia 76ers,Indiana Pacers,96.0,86.0,10.0,Home,,True,2012
0021100128,2012-01-09,NJN,ATL,New Jersey Nets,Atlanta Hawks,101.0,106.0,-5.0,Home,,True,2012
0021100129,2012-01-09,NYK,CHA,New York Knicks,Charlotte Bobcats,91.0,87.0,4.0,Home,,True,2012
0021100130,2012-01-09,CHI,DET,Chicago Bulls,Detroit Pistons,92.0,68.0,24.0,Home,,True,2012
0021100131,2012-01-09,DEN,NOH,Denver Nuggets,New Orleans Hornets,81.0,94.0,-13.0,Home,,True,2012
0021100132,2012-01-10,PHI,SAC,Philadelphia 76ers,Sacramento Kings,112.0,85.0,27.0,Home,,True,2012
0021100133,2012-01-10,WAS,TOR,Washington Wizards,Toronto Raptors,93.0,78.0,15.0,Home,,True,2012
0021100134,2012-01-10,CHA,HOU,Charlotte Bobcats,Houston Rockets,70.0,82.0,-12.0,Home,,True,2012
0021100135,2012-01-10,DET,DAL,Detroit Pistons,Dallas Mavericks,86.0,100.0,-14.0,Home,,True,2012
0021100136,2012-01-10,MIL,SAS,Milwaukee Bucks,San Antonio Spurs,106.0,103.0,3.0,Home,,True,2012
0021100137,2012-01-10,MEM,OKC,Memphis Grizzlies,Oklahoma City Thunder,95.0,100.0,-5.0,Home,,True,2012
0021100138,2012-01-10,MIN,CHI,Minnesota Timberwolves,Chicago Bulls,100.0,111.0,-11.0,Home,,True,2012
0021100139,2012-01-10,UTA,CLE,Utah Jazz,Cleveland Cavaliers,113.0,105.0,8.0,Home,,True,2012
0021100140,2012-01-10,POR,LAC,Portland Trail Blazers,Los Angeles Clippers,105.0,97.0,8.0,Home,,True,2012
0021100141,2012-01-10,LAL,PHX,Los Angeles Lakers,Phoenix Suns,99.0,83.0,16.0,Home,,True,2012
0021100142,2012-01-10,GSW,MIA,Golden State Warriors,Miami Heat,111.0,106.0,5.0,Home,,True,2012
0021100143,2012-01-11,TOR,SAC,Toronto Raptors,Sacramento Kings,91.0,98.0,-7.0,Home,,True,2012
0021100144,2012-01-11,IND,ATL,Indiana Pacers,Atlanta Hawks,96.0,84.0,12.0,Home,,True,2012
0021100145,2012-01-11,NYK,PHI,New York Knicks,Philadelphia 76ers,85.0,79.0,6.0,Home,,True,2012
0021100146,2012-01-11,BOS,DAL,Boston Celtics,Dallas Mavericks,85.0,90.0,-5.0,Home,,True,2012
0021100147,2012-01-11,CHI,WAS,Chicago Bulls,Washington Wizards,78.0,64.0,14.0,Home,,True,2012
0021100148,2012-01-11,NOH,OKC,New Orleans Hornets,Oklahoma City Thunder,85.0,95.0,-10.0,Home,,True,2012
0021100149,2012-01-11,SAS,HOU,San Antonio Spurs,Houston Rockets,101.0,95.0,6.0,Home,,True,2012
0021100150,2012-01-11,DEN,NJN,Denver Nuggets,New Jersey Nets,123.0,115.0,8.0,Home,,True,2012
0021100151,2012-01-11,UTA,LAL,Utah Jazz,Los Angeles Lakers,87.0,90.0,-3.0,Home,,True,2012
0021100152,2012-01-11,POR,ORL,Portland Trail Blazers,Orlando Magic,104.0,107.0,-3.0,Home,,True,2012
0021100153,2012-01-11,LAC,MIA,Los Angeles Clippers,Miami Heat,95.0,89.0,6.0,Home,,True,2012
0021100154,2012-01-12,ATL,CHA,Atlanta Hawks,Charlotte Bobcats,111.0,81.0,30.0,Home,,True,2012
0021100155,2012-01-12,MIL,DET,Milwaukee Bucks,Detroit Pistons,102.0,93.0,9.0,Home,,True,2012
0021100156,2012-01-12,MEM,NYK,Memphis Grizzlies,New York Knicks,94.0,83.0,11.0,Home,,True,2012
0021100157,2012-01-12,PHX,CLE,Phoenix Suns,Cleveland Cavaliers,90.0,101.0,-11.0,Home,,True,2012
0021100158,2012-01-12,GSW,ORL,Golden State Warriors,Orlando Magic,109.0,117.0,-8.0,Home,,True,2012
0021100159,2012-01-13,TOR,IND,Toronto Raptors,Indiana Pacers,90.0,95.0,-5.0,Home,,True,2012
0021100160,2012-01-13,PHI,WAS,Philadelphia 76ers,Washington Wizards,120.0,89.0,31.0,Home,,True,2012
0021100161,2012-01-13,CHA,DET,Charlotte Bobcats,Detroit Pistons,81.0,98.0,-17.0,Home,,True,2012
0021100162,2012-01-13,BOS,CHI,Boston Celtics,Chicago Bulls,79.0,88.0,-9.0,Home,,True,2012
0021100163,2012-01-13,NOH,MIN,New Orleans Hornets,Minnesota Timberwolves,80.0,87.0,-7.0,Home,,True,2012
0021100164,2012-01-13,HOU,SAC,Houston Rockets,Sacramento Kings,103.0,89.0,14.0,Home,,True,2012
0021100165,2012-01-13,DAL,MIL,Dallas Mavericks,Milwaukee Bucks,102.0,76.0,26.0,Home,,True,2012
0021100166,2012-01-13,SAS,POR,San Antonio Spurs,Portland Trail Blazers,99.0,83.0,16.0,Home,,True,2012
0021100167,2012-01-13,PHX,NJN,Phoenix Suns,New Jersey Nets,103.0,110.0,-7.0,Home,,True,2012
0021100168,2012-01-13,DEN,MIA,Denver Nuggets,Miami Heat,117.0,104.0,13.0,Home,,True,2012
0021100169,2012-01-13,LAL,CLE,Los Angeles Lakers,Cleveland Cavaliers,97.0,92.0,5.0,Home,,True,2012
0021100170,2012-01-14,WAS,PHI,Washington Wizards,Philadelphia 76ers,90.0,103.0,-13.0,Home,,True,2012
0021100171,2012-01-14,CHA,GSW,Charlotte Bobcats,Golden State Warriors,112.0,100.0,12.0,Home,,True,2012
0021100172,2012-01-14,ATL,MIN,Atlanta Hawks,Minnesota Timberwolves,93.0,91.0,2.0,Home,,True,2012
0021100173,2012-01-14,IND,BOS,Indiana Pacers,Boston Celtics,97.0,83.0,14.0,Home,,True,2012
0021100174,2012-01-14,CHI,TOR,Chicago Bulls,Toronto Raptors,77.0,64.0,13.0,Home,,True,2012
0021100175,2012-01-14,MEM,NOH,Memphis Grizzlies,New Orleans Hornets,108.0,99.0,9.0,Home,,True,2012
0021100176,2012-01-14,HOU,POR,Houston Rockets,Portland Trail Blazers,107.0,105.0,2.0,Home,,True,2012
0021100177,2012-01-14,OKC,NYK,Oklahoma City Thunder,New York Knicks,104.0,92.0,12.0,Home,,True,2012
0021100178,2012-01-14,DAL,SAC,Dallas Mavericks,Sacramento Kings,99.0,60.0,39.0,Home,,True,2012
0021100179,2012-01-14,UTA,NJN,Utah Jazz,New Jersey Nets,107.0,94.0,13.0,Home,,True,2012
0021100180,2012-01-14,LAC,LAL,Los Angeles Clippers,Los Angeles Lakers,102.0,94.0,8.0,Home,,True,2012
0021100181,2012-01-15,DET,GSW,Detroit Pistons,Golden State Warriors,91.0,99.0,-8.0,Home,,True,2012
0021100182,2012-01-15,DEN,UTA,Denver Nuggets,Utah Jazz,96.0,106.0,-10.0,Home,,True,2012
0021100183,2012-01-15,SAS,PHX,San Antonio Spurs,Phoenix Suns,102.0,91.0,11.0,Home,,True,2012
0021100184,2012-01-16,NYK,ORL,New York Knicks,Orlando Magic,93.0,102.0,-9.0,Home,,True,2012
0021100185,2012-01-16,MEM,CHI,Memphis Grizzlies,Chicago Bulls,102.0,86.0,16.0,Home,,True,2012
0021100186,2012-01-16,PHI,MIL,Philadelphia 76ers,Milwaukee Bucks,94.0,82.0,12.0,Home,,True,2012
0021100187,2012-01-16,WAS,HOU,Washington Wizards,Houston Rockets,106.0,114.0,-8.0,Home,,True,2012
0021100188,2012-01-16,CHA,CLE,Charlotte Bobcats,Cleveland Cavaliers,94.0,102.0,-8.0,Home,,True,2012
0021100189,2012-01-16,ATL,TOR,Atlanta Hawks,Toronto Raptors,93.0,84.0,9.0,Home,,True,2012
0021100190,2012-01-16,NOH,POR,New Orleans Hornets,Portland Trail Blazers,77.0,84.0,-7.0,Home,,True,2012
0021100191,2012-01-16,LAC,NJN,Los Angeles Clippers,New Jersey Nets,101.0,91.0,10.0,Home,,True,2012
0021100192,2012-01-16,BOS,OKC,Boston Celtics,Oklahoma City Thunder,88.0,97.0,-9.0,Home,,True,2012
0021100193,2012-01-16,MIN,SAC,Minnesota Timberwolves,Sacramento Kings,99.0,86.0,13.0,Home,,True,2012
0021100194,2012-01-16,LAL,DAL,Los Angeles Lakers,Dallas Mavericks,73.0,70.0,3.0,Home,,True,2012
0021100195,2012-01-17,ORL,CHA,Orlando Magic,Charlotte Bobcats,96.0,89.0,7.0,Home,,True,2012
0021100196,2012-01-17,CLE,GSW,Cleveland Cavaliers,Golden State Warriors,95.0,105.0,-10.0,Home,,True,2012
0021100197,2012-01-17,MIA,SAS,Miami Heat,San Antonio Spurs,120.0,98.0,22.0,Home,,True,2012
0021100198,2012-01-17,CHI,PHX,Chicago Bulls,Phoenix Suns,118.0,97.0,21.0,Home,,True,2012
0021100199,2012-01-17,MIL,DEN,Milwaukee Bucks,Denver Nuggets,95.0,105.0,-10.0,Home,,True,2012
0021100200,2012-01-17,HOU,DET,Houston Rockets,Detroit Pistons,97.0,80.0,17.0,Home,,True,2012
0021100201,2012-01-17,UTA,LAC,Utah Jazz,Los Angeles Clippers,108.0,79.0,29.0,Home,,True,2012
0021100202,2012-01-18,PHI,DEN,Philadelphia 76ers,Denver Nuggets,104.0,108.0,-4.0,Home,,True,2012
0021100203,2012-01-18,WAS,OKC,Washington Wizards,Oklahoma City Thunder,105.0,102.0,3.0,Home,,True,2012
0021100204,2012-01-18,ORL,SAS,Orlando Magic,San Antonio Spurs,83.0,85.0,-2.0,Home,,True,2012
0021100205,2012-01-18,BOS,TOR,Boston Celtics,Toronto Raptors,96.0,73.0,23.0,Home,,True,2012
0021100206,2012-01-18,NJN,GSW,New Jersey Nets,Golden State Warriors,107.0,100.0,7.0,Home,,True,2012
0021100207,2012-01-18,NYK,PHX,New York Knicks,Phoenix Suns,88.0,91.0,-3.0,Home,,True,2012
0021100208,2012-01-18,ATL,POR,Atlanta Hawks,Portland Trail Blazers,92.0,89.0,3.0,Home,,True,2012
0021100209,2012-01-18,NOH,MEM,New Orleans Hornets,Memphis Grizzlies,87.0,93.0,-6.0,Home,,True,2012
0021100210,2012-01-18,MIN,DET,Minnesota Timberwolves,Detroit Pistons,93.0,85.0,8.0,Home,,True,2012
0021100211,2012-01-18,SAC,IND,Sacramento Kings,Indiana Pacers,92.0,88.0,4.0,Home,,True,2012
0021100212,2012-01-18,LAC,DAL,Los Angeles Clippers,Dallas Mavericks,91.0,89.0,2.0,Home,,True,2012
0021100213,2012-01-19,MIA,LAL,Miami Heat,Los Angeles Lakers,98.0,87.0,11.0,Home,,True,2012
0021100214,2012-01-19,HOU,NOH,Houston Rockets,New Orleans Hornets,90.0,88.0,2.0,Home,,True,2012
0021100215,2012-01-19,UTA,DAL,Utah Jazz,Dallas Mavericks,91.0,94.0,-3.0,Home,,True,2012
0021100216,2012-01-20,TOR,POR,Toronto Raptors,Portland Trail Blazers,84.0,94.0,-10.0,Home,,True,2012
0021100217,2012-01-20,PHI,ATL,Philadelphia 76ers,Atlanta Hawks,90.0,76.0,14.0,Home,,True,2012
0021100218,2012-01-20,WAS,DEN,Washington Wizards,Denver Nuggets,104.0,108.0,-4.0,Home,,True,2012
0021100219,2012-01-20,BOS,PHX,Boston Celtics,Phoenix Suns,71.0,79.0,-8.0,Home,,True,2012
0021100220,2012-01-20,NYK,MIL,New York Knicks,Milwaukee Bucks,86.0,100.0,-14.0,Home,,True,2012
0021100221,2012-01-20,DET,MEM,Detroit Pistons,Memphis Grizzlies,81.0,98.0,-17.0,Home,,True,2012
0021100222,2012-01-20,CLE,CHI,Cleveland Cavaliers,Chicago Bulls,75.0,114.0,-39.0,Home,,True,2012
0021100223,2012-01-20,ORL,LAL,Orlando Magic,Los Angeles Lakers,92.0,80.0,12.0,Home,,True,2012
0021100224,2012-01-20,SAS,SAC,San Antonio Spurs,Sacramento Kings,86.0,88.0,-2.0,Home,,True,2012
0021100225,2012-01-20,LAC,MIN,Los Angeles Clippers,Minnesota Timberwolves,98.0,101.0,-3.0,Home,,True,2012
0021100226,2012-01-20,GSW,IND,Golden State Warriors,Indiana Pacers,91.0,94.0,-3.0,Home,,True,2012
0021100227,2012-01-21,ATL,CLE,Atlanta Hawks,Cleveland Cavaliers,121.0,94.0,27.0,Home,,True,2012
0021100228,2012-01-21,NYK,DEN,New York Knicks,Denver Nuggets,114.0,119.0,-5.0,Home,,True,2012
0021100229,2012-01-21,MIA,PHI,Miami Heat,Philadelphia 76ers,113.0,92.0,21.0,Home,,True,2012
0021100230,2012-01-21,DET,POR,Detroit Pistons,Portland Trail Blazers,94.0,91.0,3.0,Home,,True,2012
0021100231,2012-01-21,NJN,OKC,New Jersey Nets,Oklahoma City Thunder,74.0,84.0,-10.0,Home,,True,2012
0021100232,2012-01-21,CHI,CHA,Chicago Bulls,Charlotte Bobcats,95.0,89.0,6.0,Home,,True,2012
0021100233,2012-01-21,MEM,SAC,Memphis Grizzlies,Sacramento Kings,128.0,95.0,33.0,Home,,True,2012
0021100234,2012-01-21,NOH,DAL,New Orleans Hornets,Dallas Mavericks,81.0,83.0,-2.0,Home,,True,2012
0021100235,2012-01-21,HOU,SAS,Houston Rockets,San Antonio Spurs,105.0,102.0,3.0,Home,,True,2012
0021100236,2012-01-21,UTA,MIN,Utah Jazz,Minnesota Timberwolves,108.0,98.0,10.0,Home,,True,2012
0021100237,2012-01-22,WAS,BOS,Washington Wizards,Boston Celtics,94.0,100.0,-6.0,Home,,True,2012
0021100238,2012-01-22,LAC,TOR,Los Angeles Clippers,Toronto Raptors,103.0,91.0,12.0,Home,,True,2012
0021100239,2012-01-22,NJN,CHA,New Jersey Nets,Charlotte Bobcats,97.0,87.0,10.0,Home,,True,2012
0021100240,2012-01-22,MIA,MIL,Miami Heat,Milwaukee Bucks,82.0,91.0,-9.0,Home,,True,2012
0021100241,2012-01-22,LAL,IND,Los Angeles Lakers,Indiana Pacers,96.0,98.0,-2.0,Home,,True,2012
0021100242,2012-01-23,PHI,WAS,Philadelphia 76ers,Washington Wizards,103.0,83.0,20.0,Home,,True,2012
0021100243,2012-01-23,BOS,ORL,Boston Celtics,Orlando Magic,87.0,56.0,31.0,Home,,True,2012
0021100244,2012-01-23,CHI,NJN,Chicago Bulls,New Jersey Nets,110.0,95.0,15.0,Home,,True,2012
0021100245,2012-01-23,MIL,ATL,Milwaukee Bucks,Atlanta Hawks,92.0,97.0,-5.0,Home,,True,2012
0021100246,2012-01-23,NOH,SAS,New Orleans Hornets,San Antonio Spurs,102.0,104.0,-2.0,Home,,True,2012
0021100247,2012-01-23,OKC,DET,Oklahoma City Thunder,Detroit Pistons,99.0,79.0,20.0,Home,,True,2012
0021100248,2012-01-23,MIN,HOU,Minnesota Timberwolves,Houston Rockets,92.0,107.0,-15.0,Home,,True,2012
0021100249,2012-01-23,DAL,PHX,Dallas Mavericks,Phoenix Suns,93.0,87.0,6.0,Home,,True,2012
0021100250,2012-01-23,POR,SAC,Portland Trail Blazers,Sacramento Kings,101.0,89.0,12.0,Home,,True,2012
0021100251,2012-01-23,GSW,MEM,Golden State Warriors,Memphis Grizzlies,90.0,91.0,-1.0,Home,,True,2012
0021100252,2012-01-24,CHA,NYK,Charlotte Bobcats,New York Knicks,78.0,111.0,-33.0,Home,,True,2012
0021100253,2012-01-24,IND,ORL,Indiana Pacers,Orlando Magic,83.0,102.0,-19.0,Home,,True,2012
0021100254,2012-01-24,MIA,CLE,Miami Heat,Cleveland Cavaliers,92.0,85.0,7.0,Home,,True,2012
0021100255,2012-01-24,PHX,TOR,Phoenix Suns,Toronto Raptors,96.0,99.0,-3.0,Home,,True,2012
0021100256,2012-01-24,POR,MEM,Portland Trail Blazers,Memphis Grizzlies,97.0,84.0,13.0,Home,,True,2012
0021100257,2012-01-25,PHI,NJN,Philadelphia 76ers,New Jersey Nets,90.0,97.0,-7.0,Home,,True,2012
0021100258,2012-01-25,WAS,CHA,Washington Wizards,Charlotte Bobcats,92.0,75.0,17.0,Home,,True,2012
0021100259,2012-01-25,CLE,NYK,Cleveland Cavaliers,New York Knicks,91.0,81.0,10.0,Home,,True,2012
0021100260,2012-01-25,DET,MIA,Detroit Pistons,Miami Heat,98.0,101.0,-3.0,Home,,True,2012
0021100261,2012-01-25,CHI,IND,Chicago Bulls,Indiana Pacers,90.0,95.0,-5.0,Home,,True,2012
0021100262,2012-01-25,HOU,MIL,Houston Rockets,Milwaukee Bucks,99.0,105.0,-6.0,Home,,True,2012
0021100263,2012-01-25,OKC,NOH,Oklahoma City Thunder,New Orleans Hornets,101.0,91.0,10.0,Home,,True,2012
0021100264,2012-01-25,DAL,MIN,Dallas Mavericks,Minnesota Timberwolves,90.0,105.0,-15.0,Home,,True,2012
0021100265,2012-01-25,SAS,ATL,San Antonio Spurs,Atlanta Hawks,105.0,83.0,22.0,Home,,True,2012
0021100266,2012-01-25,UTA,TOR,Utah Jazz,Toronto Raptors,106.0,111.0,-5.0,Home,,True,2012
0021100267,2012-01-25,SAC,DEN,Sacramento Kings,Denver Nuggets,93.0,122.0,-29.0,Home,,True,2012
0021100268,2012-01-25,LAL,LAC,Los Angeles Lakers,Los Angeles Clippers,96.0,91.0,5.0,Home,,True,2012
0021100269,2012-01-25,GSW,POR,Golden State Warriors,Portland Trail Blazers,101.0,93.0,8.0,Home,,True,2012
0021100270,2012-01-26,ORL,BOS,Orlando Magic,Boston Celtics,83.0,91.0,-8.0,Home,,True,2012
0021100271,2012-01-26,LAC,MEM,Los Angeles Clippers,Memphis Grizzlies,98.0,91.0,7.0,Home,,True,2012
0021100272,2012-01-27,PHI,CHA,Philadelphia 76ers,Charlotte Bobcats,89.0,72.0,17.0,Home,,True,2012
0021100273,2012-01-27,BOS,IND,Boston Celtics,Indiana Pacers,94.0,87.0,7.0,Home,,True,2012
0021100274,2012-01-27,DET,ATL,Detroit Pistons,Atlanta Hawks,101.0,107.0,-6.0,Home,,True,2012
0021100275,2012-01-27,CLE,NJN,Cleveland Cavaliers,New Jersey Nets,96.0,99.0,-3.0,Home,,True,2012
0021100276,2012-01-27,MIA,NYK,Miami Heat,New York Knicks,99.0,89.0,10.0,Home,,True,2012
0021100277,2012-01-27,CHI,MIL,Chicago Bulls,Milwaukee Bucks,107.0,100.0,7.0,Home,,True,2012
0021100278,2012-01-27,NOH,ORL,New Orleans Hornets,Orlando Magic,93.0,67.0,26.0,Home,,True,2012
0021100279,2012-01-27,HOU,WAS,Houston Rockets,Washington Wizards,103.0,76.0,27.0,Home,,True,2012
0021100280,2012-01-27,MIN,SAS,Minnesota Timberwolves,San Antonio Spurs,87.0,79.0,8.0,Home,,True,2012
0021100281,2012-01-27,DAL,UTA,Dallas Mavericks,Utah Jazz,116.0,101.0,15.0,Home,,True,2012
0021100282,2012-01-27,DEN,TOR,Denver Nuggets,Toronto Raptors,96.0,81.0,15.0,Home,,True,2012
0021100283,2012-01-27,POR,PHX,Portland Trail Blazers,Phoenix Suns,109.0,71.0,38.0,Home,,True,2012
0021100284,2012-01-27,GSW,OKC,Golden State Warriors,Oklahoma City Thunder,109.0,120.0,-11.0,Home,,True,2012
0021100285,2012-01-28,PHI,DET,Philadelphia 76ers,Detroit Pistons,95.0,74.0,21.0,Home,,True,2012
0021100286,2012-01-28,CHA,WAS,Charlotte Bobcats,Washington Wizards,99.0,102.0,-3.0,Home,,True,2012
0021100287,2012-01-28,HOU,NYK,Houston Rockets,New York Knicks,97.0,84.0,13.0,Home,,True,2012
0021100288,2012-01-28,MIL,LAL,Milwaukee Bucks,Los Angeles Lakers,100.0,89.0,11.0,Home,,True,2012
0021100289,2012-01-28,UTA,SAC,Utah Jazz,Sacramento Kings,96.0,93.0,3.0,Home,,True,2012
0021100290,2012-01-28,PHX,MEM,Phoenix Suns,Memphis Grizzlies,86.0,84.0,2.0,Home,,True,2012
0021100291,2012-01-29,MIA,CHI,Miami Heat,Chicago Bulls,97.0,93.0,4.0,Home,,True,2012
0021100292,2012-01-29,BOS,CLE,Boston Celtics,Cleveland Cavaliers,87.0,88.0,-1.0,Home,,True,2012
0021100293,2012-01-29,NJN,TOR,New Jersey Nets,Toronto Raptors,73.0,94.0,-21.0,Home,,True,2012
0021100294,2012-01-29,ORL,IND,Orlando Magic,Indiana Pacers,85.0,106.0,-21.0,Home,,True,2012
0021100295,2012-01-29,DAL,SAS,Dallas Mavericks,San Antonio Spurs,101.0,100.0,1.0,Home,,True,2012
0021100296,2012-01-29,NOH,ATL,New Orleans Hornets,Atlanta Hawks,72.0,94.0,-22.0,Home,,True,2012
0021100297,2012-01-29,MIN,LAL,Minnesota Timberwolves,Los Angeles Lakers,101.0,106.0,-5.0,Home,,True,2012
0021100298,2012-01-29,DEN,LAC,Denver Nuggets,Los Angeles Clippers,105.0,109.0,-4.0,Home,,True,2012
0021100299,2012-01-30,PHI,ORL,Philadelphia 76ers,Orlando Magic,74.0,69.0,5.0,Home,,True,2012
0021100300,2012-01-30,WAS,CHI,Washington Wizards,Chicago Bulls,88.0,98.0,-10.0,Home,,True,2012
0021100301,2012-01-30,MIA,NOH,Miami Heat,New Orleans Hornets,109.0,95.0,14.0,Home,,True,2012
0021100302,2012-01-30,MIL,DET,Milwaukee Bucks,Detroit Pistons,103.0,82.0,21.0,Home,,True,2012
0021100303,2012-01-30,MEM,SAS,Memphis Grizzlies,San Antonio Spurs,73.0,83.0,-10.0,Home,,True,2012
0021100304,2012-01-30,HOU,MIN,Houston Rockets,Minnesota Timberwolves,108.0,120.0,-12.0,Home,,True,2012
0021100305,2012-01-30,UTA,POR,Utah Jazz,Portland Trail Blazers,93.0,89.0,4.0,Home,,True,2012
0021100306,2012-01-30,PHX,DAL,Phoenix Suns,Dallas Mavericks,99.0,122.0,-23.0,Home,,True,2012
0021100307,2012-01-30,LAC,OKC,Los Angeles Clippers,Oklahoma City Thunder,112.0,100.0,12.0,Home,,True,2012
0021100308,2012-01-31,TOR,ATL,Toronto Raptors,Atlanta Hawks,77.0,100.0,-23.0,Home,,True,2012
0021100309,2012-01-31,CLE,BOS,Cleveland Cavaliers,Boston Celtics,90.0,93.0,-3.0,Home,,True,2012
0021100310,2012-01-31,IND,NJN,Indiana Pacers,New Jersey Nets,106.0,99.0,7.0,Home,,True,2012
0021100311,2012-01-31,NYK,DET,New York Knicks,Detroit Pistons,113.0,86.0,27.0,Home,,True,2012
0021100312,2012-01-31,MEM,DEN,Memphis Grizzlies,Denver Nuggets,100.0,97.0,3.0,Home,,True,2012
0021100313,2012-01-31,LAL,CHA,Los Angeles Lakers,Charlotte Bobcats,106.0,73.0,33.0,Home,,True,2012
0021100314,2012-01-31,GSW,SAC,Golden State Warriors,Sacramento Kings,93.0,90.0,3.0,Home,,True,2012
0021100315,2012-02-01,PHI,CHI,Philadelphia 76ers,Chicago Bulls,98.0,82.0,16.0,Home,,True,2012
0021100316,2012-02-01,ORL,WAS,Orlando Magic,Washington Wizards,109.0,103.0,6.0,Home,,True,2012
0021100317,2012-02-01,BOS,TOR,Boston Celtics,Toronto Raptors,100.0,64.0,36.0,Home,,True,2012
0021100318,2012-02-01,NJN,DET,New Jersey Nets,Detroit Pistons,99.0,96.0,3.0,Home,,True,2012
0021100319,2012-02-01,MIL,MIA,Milwaukee Bucks,Miami Heat,105.0,97.0,8.0,Home,,True,2012
0021100320,2012-02-01,NOH,PHX,New Orleans Hornets,Phoenix Suns,103.0,120.0,-17.0,Home,,True,2012
0021100321,2012-02-01,DAL,OKC,Dallas Mavericks,Oklahoma City Thunder,86.0,95.0,-9.0,Home,,True,2012
0021100322,2012-02-01,MIN,IND,Minnesota Timberwolves,Indiana Pacers,99.0,109.0,-10.0,Home,,True,2012
0021100323,2012-02-01,SAS,HOU,San Antonio Spurs,Houston Rockets,99.0,91.0,8.0,Home,,True,2012
0021100324,2012-02-01,POR,CHA,Portland Trail Blazers,Charlotte Bobcats,112.0,68.0,44.0,Home,,True,2012
0021100325,2012-02-01,UTA,LAC,Utah Jazz,Los Angeles Clippers,105.0,107.0,-2.0,Home,,True,2012
0021100326,2012-02-02,ATL,MEM,Atlanta Hawks,Memphis Grizzlies,77.0,96.0,-19.0,Home,,True,2012
0021100327,2012-02-02,NYK,CHI,New York Knicks,Chicago Bulls,102.0,105.0,-3.0,Home,,True,2012
0021100328,2012-02-02,SAS,NOH,San Antonio Spurs,New Orleans Hornets,93.0,81.0,12.0,Home,,True,2012
0021100329,2012-02-02,SAC,POR,Sacramento Kings,Portland Trail Blazers,95.0,92.0,3.0,Home,,True,2012
0021100330,2012-02-02,LAC,DEN,Los Angeles Clippers,Denver Nuggets,91.0,112.0,-21.0,Home,,True,2012
0021100331,2012-02-02,GSW,UTA,Golden State Warriors,Utah Jazz,119.0,101.0,18.0,Home,,True,2012
0021100332,2012-02-03,TOR,WAS,Toronto Raptors,Washington Wizards,106.0,89.0,17.0,Home,,True,2012
0021100333,2012-02-03,PHI,MIA,Philadelphia 76ers,Miami Heat,79.0,99.0,-20.0,Home,,True,2012
0021100334,2012-02-03,ORL,CLE,Orlando Magic,Cleveland Cavaliers,102.0,94.0,8.0,Home,,True,2012
0021100335,2012-02-03,NJN,MIN,New Jersey Nets,Minnesota Timberwolves,105.0,108.0,-3.0,Home,,True,2012
0021100336,2012-02-03,DET,MIL,Detroit Pistons,Milwaukee Bucks,88.0,80.0,8.0,Home,,True,2012
0021100337,2012-02-03,BOS,NYK,Boston Celtics,New York Knicks,91.0,89.0,2.0,Home,,True,2012
0021100338,2012-02-03,HOU,PHX,Houston Rockets,Phoenix Suns,99.0,81.0,18.0,Home,,True,2012
0021100339,2012-02-03,OKC,MEM,Oklahoma City Thunder,Memphis Grizzlies,101.0,94.0,7.0,Home,,True,2012
0021100340,2012-02-03,DAL,IND,Dallas Mavericks,Indiana Pacers,87.0,98.0,-11.0,Home,,True,2012
0021100341,2012-02-03,DEN,LAL,Denver Nuggets,Los Angeles Lakers,89.0,93.0,-4.0,Home,,True,2012
0021100342,2012-02-04,WAS,LAC,Washington Wizards,Los Angeles Clippers,81.0,107.0,-26.0,Home,,True,2012
0021100343,2012-02-04,ATL,PHI,Atlanta Hawks,Philadelphia 76ers,87.0,98.0,-11.0,Home,,True,2012
0021100344,2012-02-04,IND,ORL,Indiana Pacers,Orlando Magic,81.0,85.0,-4.0,Home,,True,2012
0021100345,2012-02-04,NYK,NJN,New York Knicks,New Jersey Nets,99.0,92.0,7.0,Home,,True,2012
0021100346,2012-02-04,DET,NOH,Detroit Pistons,New Orleans Hornets,89.0,87.0,2.0,Home,,True,2012
0021100347,2012-02-04,CLE,DAL,Cleveland Cavaliers,Dallas Mavericks,91.0,88.0,3.0,Home,,True,2012
0021100348,2012-02-04,MIN,HOU,Minnesota Timberwolves,Houston Rockets,100.0,91.0,9.0,Home,,True,2012
0021100349,2012-02-04,MIL,CHI,Milwaukee Bucks,Chicago Bulls,90.0,113.0,-23.0,Home,,True,2012
0021100350,2012-02-04,SAS,OKC,San Antonio Spurs,Oklahoma City Thunder,107.0,96.0,11.0,Home,,True,2012
0021100351,2012-02-04,UTA,LAL,Utah Jazz,Los Angeles Lakers,96.0,87.0,9.0,Home,,True,2012
0021100352,2012-02-04,PHX,CHA,Phoenix Suns,Charlotte Bobcats,95.0,89.0,6.0,Home,,True,2012
0021100353,2012-02-04,SAC,GSW,Sacramento Kings,Golden State Warriors,114.0,106.0,8.0,Home,,True,2012
0021100354,2012-02-04,POR,DEN,Portland Trail Blazers,Denver Nuggets,117.0,97.0,20.0,Home,,True,2012
0021100355,2012-02-05,BOS,MEM,Boston Celtics,Memphis Grizzlies,98.0,80.0,18.0,Home,,True,2012
0021100356,2012-02-05,MIA,TOR,Miami Heat,Toronto Raptors,95.0,89.0,6.0,Home,,True,2012
0021100357,2012-02-06,PHI,LAL,Philadelphia 76ers,Los Angeles Lakers,95.0,90.0,5.0,Home,,True,2012
0021100358,2012-02-06,WAS,TOR,Washington Wizards,Toronto Raptors,111.0,108.0,3.0,Home,,True,2012
0021100359,2012-02-06,ORL,LAC,Orlando Magic,Los Angeles Clippers,102.0,107.0,-5.0,Home,,True,2012
0021100360,2012-02-06,NJN,CHI,New Jersey Nets,Chicago Bulls,87.0,108.0,-21.0,Home,,True,2012
0021100361,2012-02-06,NYK,UTA,New York Knicks,Utah Jazz,99.0,88.0,11.0,Home,,True,2012
0021100362,2012-02-06,ATL,PHX,Atlanta Hawks,Phoenix Suns,90.0,99.0,-9.0,Home,,True,2012
0021100363,2012-02-06,MEM,SAS,Memphis Grizzlies,San Antonio Spurs,84.0,89.0,-5.0,Home,,True,2012
0021100364,2012-02-06,NOH,SAC,New Orleans Hornets,Sacramento Kings,92.0,100.0,-8.0,Home,,True,2012
0021100365,2012-02-06,DEN,HOU,Denver Nuggets,Houston Rockets,90.0,99.0,-9.0,Home,,True,2012
0021100366,2012-02-06,POR,OKC,Portland Trail Blazers,Oklahoma City Thunder,107.0,111.0,-4.0,Home,,True,2012
0021100367,2012-02-07,IND,UTA,Indiana Pacers,Utah Jazz,104.0,99.0,5.0,Home,,True,2012
0021100368,2012-02-07,BOS,CHA,Boston Celtics,Charlotte Bobcats,94.0,84.0,10.0,Home,,True,2012
0021100369,2012-02-07,MIA,CLE,Miami Heat,Cleveland Cavaliers,107.0,91.0,16.0,Home,,True,2012
0021100370,2012-02-07,MIL,PHX,Milwaukee Bucks,Phoenix Suns,105.0,107.0,-2.0,Home,,True,2012
0021100371,2012-02-07,MIN,SAC,Minnesota Timberwolves,Sacramento Kings,86.0,84.0,2.0,Home,,True,2012
0021100372,2012-02-07,GSW,OKC,Golden State Warriors,Oklahoma City Thunder,116.0,119.0,-3.0,Home,,True,2012
0021100373,2012-02-08,TOR,MIL,Toronto Raptors,Milwaukee Bucks,99.0,105.0,-6.0,Home,,True,2012
0021100374,2012-02-08,PHI,SAS,Philadelphia 76ers,San Antonio Spurs,90.0,100.0,-10.0,Home,,True,2012
0021100375,2012-02-08,WAS,NYK,Washington Wizards,New York Knicks,93.0,107.0,-14.0,Home,,True,2012
0021100376,2012-02-08,ORL,MIA,Orlando Magic,Miami Heat,102.0,89.0,13.0,Home,,True,2012
0021100377,2012-02-08,CLE,LAC,Cleveland Cavaliers,Los Angeles Clippers,99.0,92.0,7.0,Home,,True,2012
0021100378,2012-02-08,NJN,DET,New Jersey Nets,Detroit Pistons,92.0,99.0,-7.0,Home,,True,2012
0021100379,2012-02-08,ATL,IND,Atlanta Hawks,Indiana Pacers,97.0,87.0,10.0,Home,,True,2012
0021100380,2012-02-08,MEM,MIN,Memphis Grizzlies,Minnesota Timberwolves,85.0,80.0,5.0,Home,,True,2012
0021100381,2012-02-08,NOH,CHI,New Orleans Hornets,Chicago Bulls,67.0,90.0,-23.0,Home,,True,2012
0021100382,2012-02-08,DEN,DAL,Denver Nuggets,Dallas Mavericks,95.0,105.0,-10.0,Home,,True,2012
0021100383,2012-02-08,POR,HOU,Portland Trail Blazers,Houston Rockets,96.0,103.0,-7.0,Home,,True,2012
0021100384,2012-02-09,BOS,LAL,Boston Celtics,Los Angeles Lakers,87.0,88.0,-1.0,Home,,True,2012
0021100385,2012-02-09,DEN,GSW,Denver Nuggets,Golden State Warriors,101.0,109.0,-8.0,Home,,True,2012
0021100386,2012-02-09,PHX,HOU,Phoenix Suns,Houston Rockets,89.0,96.0,-7.0,Home,,True,2012
0021100387,2012-02-09,SAC,OKC,Sacramento Kings,Oklahoma City Thunder,106.0,101.0,5.0,Home,,True,2012
0021100388,2012-02-10,TOR,BOS,Toronto Raptors,Boston Celtics,86.0,74.0,12.0,Home,,True,2012
0021100389,2012-02-10,PHI,LAC,Philadelphia 76ers,Los Angeles Clippers,77.0,78.0,-1.0,Home,,True,2012
0021100390,2012-02-10,WAS,MIA,Washington Wizards,Miami Heat,89.0,106.0,-17.0,Home,,True,2012
0021100391,2012-02-10,CHA,CHI,Charlotte Bobcats,Chicago Bulls,64.0,95.0,-31.0,Home,,True,2012
0021100392,2012-02-10,ORL,ATL,Orlando Magic,Atlanta Hawks,87.0,89.0,-2.0,Home,,True,2012
0021100393,2012-02-10,DET,NJN,Detroit Pistons,New Jersey Nets,109.0,92.0,17.0,Home,,True,2012
0021100394,2012-02-10,CLE,MIL,Cleveland Cavaliers,Milwaukee Bucks,112.0,113.0,-1.0,Home,,True,2012
0021100395,2012-02-10,NYK,LAL,New York Knicks,Los Angeles Lakers,92.0,85.0,7.0,Home,,True,2012
0021100396,2012-02-10,MEM,IND,Memphis Grizzlies,Indiana Pacers,98.0,92.0,6.0,Home,,True,2012
0021100397,2012-02-10,NOH,POR,New Orleans Hornets,Portland Trail Blazers,86.0,94.0,-8.0,Home,,True,2012
0021100398,2012-02-10,MIN,DAL,Minnesota Timberwolves,Dallas Mavericks,97.0,104.0,-7.0,Home,,True,2012
0021100399,2012-02-10,UTA,OKC,Utah Jazz,Oklahoma City Thunder,87.0,101.0,-14.0,Home,,True,2012
0021100400,2012-02-11,CHA,LAC,Charlotte Bobcats,Los Angeles Clippers,86.0,111.0,-25.0,Home,,True,2012
0021100401,2012-02-11,IND,DEN,Indiana Pacers,Denver Nuggets,109.0,113.0,-4.0,Home,,True,2012
0021100402,2012-02-11,CLE,PHI,Cleveland Cavaliers,Philadelphia 76ers,84.0,99.0,-15.0,Home,,True,2012
0021100403,2012-02-11,NJN,SAS,New Jersey Nets,San Antonio Spurs,89.0,103.0,-14.0,Home,,True,2012
0021100404,2012-02-11,MIN,NYK,Minnesota Timberwolves,New York Knicks,98.0,100.0,-2.0,Home,,True,2012
0021100405,2012-02-11,DAL,POR,Dallas Mavericks,Portland Trail Blazers,97.0,94.0,3.0,Home,,True,2012
0021100406,2012-02-11,MIL,ORL,Milwaukee Bucks,Orlando Magic,94.0,99.0,-5.0,Home,,True,2012
0021100407,2012-02-11,SAC,PHX,Sacramento Kings,Phoenix Suns,84.0,98.0,-14.0,Home,,True,2012
0021100408,2012-02-12,TOR,LAL,Toronto Raptors,Los Angeles Lakers,92.0,94.0,-2.0,Home,,True,2012
0021100409,2012-02-12,BOS,CHI,Boston Celtics,Chicago Bulls,95.0,91.0,4.0,Home,,True,2012
0021100410,2012-02-12,DET,WAS,Detroit Pistons,Washington Wizards,77.0,98.0,-21.0,Home,,True,2012
0021100411,2012-02-12,ATL,MIA,Atlanta Hawks,Miami Heat,87.0,107.0,-20.0,Home,,True,2012
0021100412,2012-02-12,GSW,HOU,Golden State Warriors,Houston Rockets,106.0,97.0,9.0,Home,,True,2012
0021100413,2012-02-12,MEM,UTA,Memphis Grizzlies,Utah Jazz,88.0,98.0,-10.0,Home,,True,2012
0021100414,2012-02-13,CHA,PHI,Charlotte Bobcats,Philadelphia 76ers,89.0,98.0,-9.0,Home,,True,2012
0021100415,2012-02-13,ORL,MIN,Orlando Magic,Minnesota Timberwolves,102.0,89.0,13.0,Home,,True,2012
0021100416,2012-02-13,MIL,MIA,Milwaukee Bucks,Miami Heat,96.0,114.0,-18.0,Home,,True,2012
0021100417,2012-02-13,NOH,UTA,New Orleans Hornets,Utah Jazz,86.0,80.0,6.0,Home,,True,2012
0021100418,2012-02-13,DAL,LAC,Dallas Mavericks,Los Angeles Clippers,96.0,92.0,4.0,Home,,True,2012
0021100419,2012-02-13,GSW,PHX,Golden State Warriors,Phoenix Suns,102.0,96.0,6.0,Home,,True,2012
0021100420,2012-02-14,TOR,NYK,Toronto Raptors,New York Knicks,87.0,90.0,-3.0,Home,,True,2012
0021100421,2012-02-14,IND,MIA,Indiana Pacers,Miami Heat,90.0,105.0,-15.0,Home,,True,2012
0021100422,2012-02-14,DET,SAS,Detroit Pistons,San Antonio Spurs,95.0,99.0,-4.0,Home,,True,2012
0021100423,2012-02-14,CHI,SAC,Chicago Bulls,Sacramento Kings,121.0,115.0,6.0,Home,,True,2012
0021100424,2012-02-14,MEM,HOU,Memphis Grizzlies,Houston Rockets,93.0,83.0,10.0,Home,,True,2012
0021100425,2012-02-14,OKC,UTA,Oklahoma City Thunder,Utah Jazz,111.0,85.0,26.0,Home,,True,2012
0021100426,2012-02-14,DEN,PHX,Denver Nuggets,Phoenix Suns,109.0,92.0,17.0,Home,,True,2012
0021100427,2012-02-14,POR,WAS,Portland Trail Blazers,Washington Wizards,109.0,124.0,-15.0,Home,,True,2012
0021100428,2012-02-14,LAL,ATL,Los Angeles Lakers,Atlanta Hawks,86.0,78.0,8.0,Home,,True,2012
0021100429,2012-02-15,TOR,SAS,Toronto Raptors,San Antonio Spurs,106.0,113.0,-7.0,Home,,True,2012
0021100430,2012-02-15,ORL,PHI,Orlando Magic,Philadelphia 76ers,103.0,87.0,16.0,Home,,True,2012
0021100431,2012-02-15,BOS,DET,Boston Celtics,Detroit Pistons,88.0,98.0,-10.0,Home,,True,2012
0021100432,2012-02-15,NJN,MEM,New Jersey Nets,Memphis Grizzlies,100.0,105.0,-5.0,Home,,True,2012
0021100433,2012-02-15,NYK,SAC,New York Knicks,Sacramento Kings,100.0,85.0,15.0,Home,,True,2012
0021100434,2012-02-15,CLE,IND,Cleveland Cavaliers,Indiana Pacers,98.0,87.0,11.0,Home,,True,2012
0021100435,2012-02-15,MIL,NOH,Milwaukee Bucks,New Orleans Hornets,89.0,92.0,-3.0,Home,,True,2012
0021100436,2012-02-15,HOU,OKC,Houston Rockets,Oklahoma City Thunder,96.0,95.0,1.0,Home,,True,2012
0021100437,2012-02-15,MIN,CHA,Minnesota Timberwolves,Charlotte Bobcats,102.0,90.0,12.0,Home,,True,2012
0021100438,2012-02-15,DAL,DEN,Dallas Mavericks,Denver Nuggets,102.0,84.0,18.0,Home,,True,2012
0021100439,2012-02-15,PHX,ATL,Phoenix Suns,Atlanta Hawks,99.0,101.0,-2.0,Home,,True,2012
0021100440,2012-02-15,GSW,POR,Golden State Warriors,Portland Trail Blazers,91.0,93.0,-2.0,Home,,True,2012
0021100441,2012-02-15,LAC,WAS,Los Angeles Clippers,Washington Wizards,102.0,84.0,18.0,Home,,True,2012
0021100442,2012-02-16,IND,NJN,Indiana Pacers,New Jersey Nets,93.0,88.0,5.0,Home,,True,2012
0021100443,2012-02-16,CHI,BOS,Chicago Bulls,Boston Celtics,89.0,80.0,9.0,Home,,True,2012
0021100444,2012-02-16,POR,LAC,Portland Trail Blazers,Los Angeles Clippers,71.0,74.0,-3.0,Home,,True,2012
0021100445,2012-02-17,TOR,CHA,Toronto Raptors,Charlotte Bobcats,91.0,98.0,-7.0,Home,,True,2012
0021100446,2012-02-17,PHI,DAL,Philadelphia 76ers,Dallas Mavericks,75.0,82.0,-7.0,Home,,True,2012
0021100447,2012-02-17,ORL,MIL,Orlando Magic,Milwaukee Bucks,94.0,85.0,9.0,Home,,True,2012
0021100448,2012-02-17,DET,SAC,Detroit Pistons,Sacramento Kings,114.0,108.0,6.0,Home,,True,2012
0021100449,2012-02-17,CLE,MIA,Cleveland Cavaliers,Miami Heat,87.0,111.0,-24.0,Home,,True,2012
0021100450,2012-02-17,NYK,NOH,New York Knicks,New Orleans Hornets,85.0,89.0,-4.0,Home,,True,2012
0021100451,2012-02-17,MEM,DEN,Memphis Grizzlies,Denver Nuggets,103.0,102.0,1.0,Home,,True,2012
0021100452,2012-02-17,HOU,MIN,Houston Rockets,Minnesota Timberwolves,98.0,111.0,-13.0,Home,,True,2012
0021100453,2012-02-17,OKC,GSW,Oklahoma City Thunder,Golden State Warriors,110.0,87.0,23.0,Home,,True,2012
0021100454,2012-02-17,UTA,WAS,Utah Jazz,Washington Wizards,114.0,100.0,14.0,Home,,True,2012
0021100455,2012-02-17,LAL,PHX,Los Angeles Lakers,Phoenix Suns,111.0,99.0,12.0,Home,,True,2012
0021100456,2012-02-18,LAC,SAS,Los Angeles Clippers,San Antonio Spurs,100.0,103.0,-3.0,Home,,True,2012
0021100457,2012-02-18,CHI,NJN,Chicago Bulls,New Jersey Nets,85.0,97.0,-12.0,Home,,True,2012
0021100458,2012-02-18,MEM,GSW,Memphis Grizzlies,Golden State Warriors,104.0,103.0,1.0,Home,,True,2012
0021100459,2012-02-18,POR,ATL,Portland Trail Blazers,Atlanta Hawks,97.0,77.0,20.0,Home,,True,2012
0021100460,2012-02-19,NYK,DAL,New York Knicks,Dallas Mavericks,104.0,97.0,7.0,Home,,True,2012
0021100461,2012-02-19,MIA,ORL,Miami Heat,Orlando Magic,90.0,78.0,12.0,Home,,True,2012
0021100462,2012-02-19,DET,BOS,Detroit Pistons,Boston Celtics,96.0,81.0,15.0,Home,,True,2012
0021100463,2012-02-19,CLE,SAC,Cleveland Cavaliers,Sacramento Kings,93.0,92.0,1.0,Home,,True,2012
0021100464,2012-02-19,IND,CHA,Indiana Pacers,Charlotte Bobcats,108.0,73.0,35.0,Home,,True,2012
0021100465,2012-02-19,NJN,MIL,New Jersey Nets,Milwaukee Bucks,85.0,92.0,-7.0,Home,,True,2012
0021100466,2012-02-19,HOU,UTA,Houston Rockets,Utah Jazz,101.0,85.0,16.0,Home,,True,2012
0021100467,2012-02-19,MIN,PHI,Minnesota Timberwolves,Philadelphia 76ers,92.0,91.0,1.0,Home,,True,2012
0021100468,2012-02-19,OKC,DEN,Oklahoma City Thunder,Denver Nuggets,124.0,118.0,6.0,Home,,True,2012
0021100469,2012-02-19,PHX,LAL,Phoenix Suns,Los Angeles Lakers,102.0,90.0,12.0,Home,,True,2012
0021100470,2012-02-20,CHI,ATL,Chicago Bulls,Atlanta Hawks,90.0,79.0,11.0,Home,,True,2012
0021100471,2012-02-20,NYK,NJN,New York Knicks,New Jersey Nets,92.0,100.0,-8.0,Home,,True,2012
0021100472,2012-02-20,MIL,ORL,Milwaukee Bucks,Orlando Magic,90.0,93.0,-3.0,Home,,True,2012
0021100473,2012-02-20,HOU,MEM,Houston Rockets,Memphis Grizzlies,97.0,93.0,4.0,Home,,True,2012
0021100474,2012-02-20,DAL,BOS,Dallas Mavericks,Boston Celtics,89.0,73.0,16.0,Home,,True,2012
0021100475,2012-02-20,OKC,NOH,Oklahoma City Thunder,New Orleans Hornets,101.0,93.0,8.0,Home,,True,2012
0021100476,2012-02-20,DEN,MIN,Denver Nuggets,Minnesota Timberwolves,103.0,101.0,2.0,Home,,True,2012
0021100477,2012-02-20,UTA,SAS,Utah Jazz,San Antonio Spurs,102.0,106.0,-4.0,Home,,True,2012
0021100478,2012-02-20,PHX,WAS,Phoenix Suns,Washington Wizards,104.0,88.0,16.0,Home,,True,2012
0021100479,2012-02-20,LAL,POR,Los Angeles Lakers,Portland Trail Blazers,103.0,92.0,11.0,Home,,True,2012
0021100480,2012-02-20,GSW,LAC,Golden State Warriors,Los Angeles Clippers,104.0,97.0,7.0,Home,,True,2012
0021100481,2012-02-21,CLE,DET,Cleveland Cavaliers,Detroit Pistons,101.0,100.0,1.0,Home,,True,2012
0021100482,2012-02-21,IND,NOH,Indiana Pacers,New Orleans Hornets,117.0,108.0,9.0,Home,,True,2012
0021100483,2012-02-21,MIA,SAC,Miami Heat,Sacramento Kings,120.0,108.0,12.0,Home,,True,2012
0021100484,2012-02-21,MEM,PHI,Memphis Grizzlies,Philadelphia 76ers,89.0,76.0,13.0,Home,,True,2012
0021100485,2012-02-21,POR,SAS,Portland Trail Blazers,San Antonio Spurs,137.0,97.0,40.0,Home,,True,2012
0021100486,2012-02-22,TOR,DET,Toronto Raptors,Detroit Pistons,103.0,93.0,10.0,Home,,True,2012
0021100487,2012-02-22,WAS,SAC,Washington Wizards,Sacramento Kings,107.0,115.0,-8.0,Home,,True,2012
0021100488,2012-02-22,CHA,IND,Charlotte Bobcats,Indiana Pacers,88.0,102.0,-14.0,Home,,True,2012
0021100489,2012-02-22,CLE,NOH,Cleveland Cavaliers,New Orleans Hornets,84.0,89.0,-5.0,Home,,True,2012
0021100490,2012-02-22,OKC,BOS,Oklahoma City Thunder,Boston Celtics,119.0,104.0,15.0,Home,,True,2012
0021100491,2012-02-22,NJN,ORL,New Jersey Nets,Orlando Magic,91.0,108.0,-17.0,Home,,True,2012
0021100492,2012-02-22,NYK,ATL,New York Knicks,Atlanta Hawks,99.0,82.0,17.0,Home,,True,2012
0021100493,2012-02-22,CHI,MIL,Chicago Bulls,Milwaukee Bucks,110.0,91.0,19.0,Home,,True,2012
0021100494,2012-02-22,HOU,PHI,Houston Rockets,Philadelphia 76ers,93.0,87.0,6.0,Home,,True,2012
0021100495,2012-02-22,MIN,UTA,Minnesota Timberwolves,Utah Jazz,100.0,98.0,2.0,Home,,True,2012
0021100496,2012-02-22,PHX,GSW,Phoenix Suns,Golden State Warriors,104.0,106.0,-2.0,Home,,True,2012
0021100497,2012-02-22,DAL,LAL,Dallas Mavericks,Los Angeles Lakers,91.0,96.0,-5.0,Home,,True,2012
0021100498,2012-02-22,LAC,DEN,Los Angeles Clippers,Denver Nuggets,103.0,95.0,8.0,Home,,True,2012
0021100499,2012-02-23,MIA,NYK,Miami Heat,New York Knicks,102.0,88.0,14.0,Home,,True,2012
0021100500,2012-02-23,ATL,ORL,Atlanta Hawks,Orlando Magic,83.0,78.0,5.0,Home,,True,2012
0021100501,2012-02-23,DEN,SAS,Denver Nuggets,San Antonio Spurs,99.0,114.0,-15.0,Home,,True,2012
0021100502,2012-02-23,OKC,LAL,Oklahoma City Thunder,Los Angeles Lakers,100.0,85.0,15.0,Home,,True,2012
0021100503,2012-02-28,CLE,BOS,Cleveland Cavaliers,Boston Celtics,83.0,86.0,-3.0,Home,,True,2012
0021100504,2012-02-28,IND,GSW,Indiana Pacers,Golden State Warriors,102.0,78.0,24.0,Home,,True,2012
0021100505,2012-02-28,DET,PHI,Detroit Pistons,Philadelphia 76ers,68.0,97.0,-29.0,Home,,True,2012
0021100506,2012-02-28,CHI,NOH,Chicago Bulls,New Orleans Hornets,99.0,95.0,4.0,Home,,True,2012
0021100507,2012-02-28,MIL,WAS,Milwaukee Bucks,Washington Wizards,119.0,118.0,1.0,Home,,True,2012
0021100508,2012-02-28,HOU,TOR,Houston Rockets,Toronto Raptors,88.0,85.0,3.0,Home,,True,2012
0021100509,2012-02-28,DAL,NJN,Dallas Mavericks,New Jersey Nets,92.0,93.0,-1.0,Home,,True,2012
0021100510,2012-02-28,SAC,UTA,Sacramento Kings,Utah Jazz,103.0,96.0,7.0,Home,,True,2012
0021100511,2012-02-28,LAC,MIN,Los Angeles Clippers,Minnesota Timberwolves,97.0,109.0,-12.0,Home,,True,2012
0021100512,2012-02-29,PHI,OKC,Philadelphia 76ers,Oklahoma City Thunder,88.0,92.0,-4.0,Home,,True,2012
0021100513,2012-02-29,WAS,ORL,Washington Wizards,Orlando Magic,95.0,102.0,-7.0,Home,,True,2012
0021100514,2012-02-29,BOS,MIL,Boston Celtics,Milwaukee Bucks,102.0,96.0,6.0,Home,,True,2012
0021100515,2012-02-29,NYK,CLE,New York Knicks,Cleveland Cavaliers,120.0,103.0,17.0,Home,,True,2012
0021100516,2012-02-29,ATL,GSW,Atlanta Hawks,Golden State Warriors,82.0,85.0,-3.0,Home,,True,2012
0021100517,2012-02-29,DET,CHA,Detroit Pistons,Charlotte Bobcats,109.0,94.0,15.0,Home,,True,2012
0021100518,2012-02-29,MEM,DAL,Memphis Grizzlies,Dallas Mavericks,96.0,85.0,11.0,Home,,True,2012
0021100519,2012-02-29,NOH,TOR,New Orleans Hornets,Toronto Raptors,84.0,95.0,-11.0,Home,,True,2012
0021100520,2012-02-29,SAS,CHI,San Antonio Spurs,Chicago Bulls,89.0,96.0,-7.0,Home,,True,2012
0021100521,2012-02-29,DEN,POR,Denver Nuggets,Portland Trail Blazers,104.0,95.0,9.0,Home,,True,2012
0021100522,2012-02-29,UTA,HOU,Utah Jazz,Houston Rockets,104.0,83.0,21.0,Home,,True,2012
0021100523,2012-02-29,LAL,MIN,Los Angeles Lakers,Minnesota Timberwolves,104.0,85.0,19.0,Home,,True,2012
0021100524,2012-03-01,ORL,OKC,Orlando Magic,Oklahoma City Thunder,102.0,105.0,-3.0,Home,,True,2012
0021100525,2012-03-01,PHX,MIN,Phoenix Suns,Minnesota Timberwolves,104.0,95.0,9.0,Home,,True,2012
0021100526,2012-03-01,SAC,LAC,Sacramento Kings,Los Angeles Clippers,100.0,108.0,-8.0,Home,,True,2012
0021100527,2012-03-01,POR,MIA,Portland Trail Blazers,Miami Heat,93.0,107.0,-14.0,Home,,True,2012
0021100528,2012-03-02,TOR,MEM,Toronto Raptors,Memphis Grizzlies,99.0,102.0,-3.0,Home,,True,2012
0021100529,2012-03-02,BOS,NJN,Boston Celtics,New Jersey Nets,107.0,94.0,13.0,Home,,True,2012
0021100530,2012-03-02,ATL,MIL,Atlanta Hawks,Milwaukee Bucks,99.0,94.0,5.0,Home,,True,2012
0021100531,2012-03-02,CLE,CHI,Cleveland Cavaliers,Chicago Bulls,91.0,112.0,-21.0,Home,,True,2012
0021100532,2012-03-02,PHI,GSW,Philadelphia 76ers,Golden State Warriors,105.0,83.0,22.0,Home,,True,2012
0021100533,2012-03-02,NOH,DAL,New Orleans Hornets,Dallas Mavericks,97.0,92.0,5.0,Home,,True,2012
0021100534,2012-03-02,HOU,DEN,Houston Rockets,Denver Nuggets,105.0,117.0,-12.0,Home,,True,2012
0021100535,2012-03-02,SAS,CHA,San Antonio Spurs,Charlotte Bobcats,102.0,72.0,30.0,Home,,True,2012
0021100536,2012-03-02,UTA,MIA,Utah Jazz,Miami Heat,99.0,98.0,1.0,Home,,True,2012
0021100537,2012-03-02,PHX,LAC,Phoenix Suns,Los Angeles Clippers,81.0,78.0,3.0,Home,,True,2012
0021100538,2012-03-02,LAL,SAC,Los Angeles Lakers,Sacramento Kings,115.0,107.0,8.0,Home,,True,2012
0021100539,2012-03-03,WAS,CLE,Washington Wizards,Cleveland Cavaliers,101.0,98.0,3.0,Home,,True,2012
0021100540,2012-03-03,ATL,OKC,Atlanta Hawks,Oklahoma City Thunder,97.0,90.0,7.0,Home,,True,2012
0021100541,2012-03-03,ORL,MIL,Orlando Magic,Milwaukee Bucks,114.0,98.0,16.0,Home,,True,2012
0021100542,2012-03-03,MEM,DET,Memphis Grizzlies,Detroit Pistons,100.0,83.0,17.0,Home,,True,2012
0021100543,2012-03-03,NOH,IND,New Orleans Hornets,Indiana Pacers,84.0,102.0,-18.0,Home,,True,2012
0021100544,2012-03-03,DAL,UTA,Dallas Mavericks,Utah Jazz,102.0,96.0,6.0,Home,,True,2012
0021100545,2012-03-03,POR,MIN,Portland Trail Blazers,Minnesota Timberwolves,110.0,122.0,-12.0,Home,,True,2012
0021100546,2012-03-04,BOS,NYK,Boston Celtics,New York Knicks,115.0,111.0,4.0,Home,,True,2012
0021100547,2012-03-04,LAL,MIA,Los Angeles Lakers,Miami Heat,93.0,83.0,10.0,Home,,True,2012
0021100548,2012-03-04,TOR,GSW,Toronto Raptors,Golden State Warriors,83.0,75.0,8.0,Home,,True,2012
0021100549,2012-03-04,CHA,NJN,Charlotte Bobcats,New Jersey Nets,101.0,104.0,-3.0,Home,,True,2012
0021100550,2012-03-04,PHI,CHI,Philadelphia 76ers,Chicago Bulls,91.0,96.0,-5.0,Home,,True,2012
0021100551,2012-03-04,HOU,LAC,Houston Rockets,Los Angeles Clippers,103.0,105.0,-2.0,Home,,True,2012
0021100552,2012-03-04,PHX,SAC,Phoenix Suns,Sacramento Kings,96.0,88.0,8.0,Home,,True,2012
0021100553,2012-03-04,SAS,DEN,San Antonio Spurs,Denver Nuggets,94.0,99.0,-5.0,Home,,True,2012
0021100554,2012-03-05,TOR,ORL,Toronto Raptors,Orlando Magic,88.0,92.0,-4.0,Home,,True,2012
0021100555,2012-03-05,WAS,GSW,Washington Wizards,Golden State Warriors,100.0,120.0,-20.0,Home,,True,2012
0021100556,2012-03-05,CLE,UTA,Cleveland Cavaliers,Utah Jazz,100.0,109.0,-9.0,Home,,True,2012
0021100557,2012-03-05,CHI,IND,Chicago Bulls,Indiana Pacers,92.0,72.0,20.0,Home,,True,2012
0021100558,2012-03-05,MIL,PHI,Milwaukee Bucks,Philadelphia 76ers,97.0,93.0,4.0,Home,,True,2012
0021100559,2012-03-05,OKC,DAL,Oklahoma City Thunder,Dallas Mavericks,95.0,91.0,4.0,Home,,True,2012
0021100560,2012-03-05,MIN,LAC,Minnesota Timberwolves,Los Angeles Clippers,95.0,94.0,1.0,Home,,True,2012
0021100561,2012-03-05,DEN,SAC,Denver Nuggets,Sacramento Kings,119.0,116.0,3.0,Home,,True,2012
0021100562,2012-03-05,POR,NOH,Portland Trail Blazers,New Orleans Hornets,86.0,74.0,12.0,Home,,True,2012
0021100563,2012-03-06,CHA,ORL,Charlotte Bobcats,Orlando Magic,100.0,84.0,16.0,Home,,True,2012
0021100564,2012-03-06,IND,ATL,Indiana Pacers,Atlanta Hawks,96.0,101.0,-5.0,Home,,True,2012
0021100565,2012-03-06,BOS,HOU,Boston Celtics,Houston Rockets,97.0,92.0,5.0,Home,,True,2012
0021100566,2012-03-06,MIA,NJN,Miami Heat,New Jersey Nets,108.0,78.0,30.0,Home,,True,2012
0021100567,2012-03-06,DET,LAL,Detroit Pistons,Los Angeles Lakers,88.0,85.0,3.0,Home,,True,2012
0021100568,2012-03-06,DAL,NYK,Dallas Mavericks,New York Knicks,95.0,85.0,10.0,Home,,True,2012
0021100569,2012-03-07,TOR,HOU,Toronto Raptors,Houston Rockets,116.0,98.0,18.0,Home,,True,2012
0021100570,2012-03-07,PHI,BOS,Philadelphia 76ers,Boston Celtics,103.0,71.0,32.0,Home,,True,2012
0021100571,2012-03-07,WAS,LAL,Washington Wizards,Los Angeles Lakers,106.0,101.0,5.0,Home,,True,2012
0021100572,2012-03-07,CHA,UTA,Charlotte Bobcats,Utah Jazz,93.0,99.0,-6.0,Home,,True,2012
0021100573,2012-03-07,MIA,ATL,Miami Heat,Atlanta Hawks,89.0,86.0,3.0,Home,,True,2012
0021100574,2012-03-07,NJN,LAC,New Jersey Nets,Los Angeles Clippers,101.0,100.0,1.0,Home,,True,2012
0021100575,2012-03-07,MIL,CHI,Milwaukee Bucks,Chicago Bulls,104.0,106.0,-2.0,Home,,True,2012
0021100576,2012-03-07,OKC,PHX,Oklahoma City Thunder,Phoenix Suns,115.0,104.0,11.0,Home,,True,2012
0021100577,2012-03-07,MIN,POR,Minnesota Timberwolves,Portland Trail Blazers,106.0,94.0,12.0,Home,,True,2012
0021100578,2012-03-07,SAS,NYK,San Antonio Spurs,New York Knicks,118.0,105.0,13.0,Home,,True,2012
0021100579,2012-03-07,DEN,CLE,Denver Nuggets,Cleveland Cavaliers,99.0,100.0,-1.0,Home,,True,2012
0021100580,2012-03-07,SAC,NOH,Sacramento Kings,New Orleans Hornets,99.0,98.0,1.0,Home,,True,2012
0021100581,2012-03-07,GSW,MEM,Golden State Warriors,Memphis Grizzlies,92.0,110.0,-18.0,Home,,True,2012
0021100582,2012-03-08,CHI,ORL,Chicago Bulls,Orlando Magic,94.0,99.0,-5.0,Home,,True,2012
0021100583,2012-03-08,PHX,DAL,Phoenix Suns,Dallas Mavericks,96.0,94.0,2.0,Home,,True,2012
0021100584,2012-03-09,PHI,UTA,Philadelphia 76ers,Utah Jazz,104.0,91.0,13.0,Home,,True,2012
0021100585,2012-03-09,CHA,NJN,Charlotte Bobcats,New Jersey Nets,74.0,83.0,-9.0,Home,,True,2012
0021100586,2012-03-09,BOS,POR,Boston Celtics,Portland Trail Blazers,104.0,86.0,18.0,Home,,True,2012
0021100587,2012-03-09,DET,ATL,Detroit Pistons,Atlanta Hawks,86.0,85.0,1.0,Home,,True,2012
0021100588,2012-03-09,OKC,CLE,Oklahoma City Thunder,Cleveland Cavaliers,90.0,96.0,-6.0,Home,,True,2012
0021100589,2012-03-09,MIN,LAL,Minnesota Timberwolves,Los Angeles Lakers,102.0,105.0,-3.0,Home,,True,2012
0021100590,2012-03-09,MIL,NYK,Milwaukee Bucks,New York Knicks,119.0,114.0,5.0,Home,,True,2012
0021100591,2012-03-09,SAS,LAC,San Antonio Spurs,Los Angeles Clippers,108.0,120.0,-12.0,Home,,True,2012
0021100592,2012-03-09,DEN,NOH,Denver Nuggets,New Orleans Hornets,110.0,97.0,13.0,Home,,True,2012
0021100593,2012-03-09,SAC,DAL,Sacramento Kings,Dallas Mavericks,110.0,97.0,13.0,Home,,True,2012
0021100594,2012-03-10,WAS,POR,Washington Wizards,Portland Trail Blazers,99.0,110.0,-11.0,Home,,True,2012
0021100595,2012-03-10,MIA,IND,Miami Heat,Indiana Pacers,93.0,91.0,2.0,Home,,True,2012
0021100596,2012-03-10,DET,TOR,Detroit Pistons,Toronto Raptors,105.0,86.0,19.0,Home,,True,2012
0021100597,2012-03-10,NJN,HOU,New Jersey Nets,Houston Rockets,106.0,112.0,-6.0,Home,,True,2012
0021100598,2012-03-10,CHI,UTA,Chicago Bulls,Utah Jazz,111.0,97.0,14.0,Home,,True,2012
0021100599,2012-03-10,OKC,CHA,Oklahoma City Thunder,Charlotte Bobcats,122.0,95.0,27.0,Home,,True,2012
0021100600,2012-03-10,MIN,NOH,Minnesota Timberwolves,New Orleans Hornets,89.0,95.0,-6.0,Home,,True,2012
0021100601,2012-03-10,PHX,MEM,Phoenix Suns,Memphis Grizzlies,98.0,91.0,7.0,Home,,True,2012
0021100602,2012-03-10,GSW,DAL,Golden State Warriors,Dallas Mavericks,111.0,87.0,24.0,Home,,True,2012
0021100603,2012-03-11,NYK,PHI,New York Knicks,Philadelphia 76ers,94.0,106.0,-12.0,Home,,True,2012
0021100604,2012-03-11,LAL,BOS,Los Angeles Lakers,Boston Celtics,97.0,94.0,3.0,Home,,True,2012
0021100605,2012-03-11,TOR,MIL,Toronto Raptors,Milwaukee Bucks,99.0,105.0,-6.0,Home,,True,2012
0021100606,2012-03-11,ORL,IND,Orlando Magic,Indiana Pacers,107.0,94.0,13.0,Home,,True,2012
0021100607,2012-03-11,CLE,HOU,Cleveland Cavaliers,Houston Rockets,118.0,107.0,11.0,Home,,True,2012
0021100608,2012-03-11,DEN,MEM,Denver Nuggets,Memphis Grizzlies,91.0,94.0,-3.0,Home,,True,2012
0021100609,2012-03-11,SAC,ATL,Sacramento Kings,Atlanta Hawks,99.0,106.0,-7.0,Home,,True,2012
0021100610,2012-03-11,LAC,GSW,Los Angeles Clippers,Golden State Warriors,93.0,97.0,-4.0,Home,,True,2012
0021100611,2012-03-12,NJN,MIL,New Jersey Nets,Milwaukee Bucks,99.0,105.0,-6.0,Home,,True,2012
0021100612,2012-03-12,CHI,NYK,Chicago Bulls,New York Knicks,104.0,99.0,5.0,Home,,True,2012
0021100613,2012-03-12,NOH,CHA,New Orleans Hornets,Charlotte Bobcats,71.0,73.0,-2.0,Home,,True,2012
0021100614,2012-03-12,SAS,WAS,San Antonio Spurs,Washington Wizards,112.0,97.0,15.0,Home,,True,2012
0021100615,2012-03-12,UTA,DET,Utah Jazz,Detroit Pistons,105.0,90.0,15.0,Home,,True,2012
0021100616,2012-03-12,PHX,MIN,Phoenix Suns,Minnesota Timberwolves,124.0,127.0,-3.0,Home,,True,2012
0021100617,2012-03-12,LAC,BOS,Los Angeles Clippers,Boston Celtics,85.0,94.0,-9.0,Home,,True,2012
0021100618,2012-03-13,ORL,MIA,Orlando Magic,Miami Heat,104.0,98.0,6.0,Home,,True,2012
0021100619,2012-03-13,CLE,TOR,Cleveland Cavaliers,Toronto Raptors,88.0,96.0,-8.0,Home,,True,2012
0021100620,2012-03-13,IND,POR,Indiana Pacers,Portland Trail Blazers,92.0,75.0,17.0,Home,,True,2012
0021100621,2012-03-13,MEM,LAL,Memphis Grizzlies,Los Angeles Lakers,111.0,116.0,-5.0,Home,,True,2012
0021100622,2012-03-13,OKC,HOU,Oklahoma City Thunder,Houston Rockets,103.0,104.0,-1.0,Home,,True,2012
0021100623,2012-03-13,DAL,WAS,Dallas Mavericks,Washington Wizards,107.0,98.0,9.0,Home,,True,2012
0021100624,2012-03-13,DEN,ATL,Denver Nuggets,Atlanta Hawks,118.0,117.0,1.0,Home,,True,2012
0021100625,2012-03-13,SAC,GSW,Sacramento Kings,Golden State Warriors,89.0,115.0,-26.0,Home,,True,2012
0021100626,2012-03-14,IND,PHI,Indiana Pacers,Philadelphia 76ers,111.0,94.0,17.0,Home,,True,2012
0021100627,2012-03-14,NJN,TOR,New Jersey Nets,Toronto Raptors,98.0,84.0,14.0,Home,,True,2012
0021100628,2012-03-14,NYK,POR,New York Knicks,Portland Trail Blazers,121.0,79.0,42.0,Home,,True,2012
0021100629,2012-03-14,CHI,MIA,Chicago Bulls,Miami Heat,106.0,102.0,4.0,Home,,True,2012
0021100630,2012-03-14,MIL,CLE,Milwaukee Bucks,Cleveland Cavaliers,115.0,105.0,10.0,Home,,True,2012
0021100631,2012-03-14,NOH,LAL,New Orleans Hornets,Los Angeles Lakers,101.0,107.0,-6.0,Home,,True,2012
0021100632,2012-03-14,HOU,CHA,Houston Rockets,Charlotte Bobcats,107.0,87.0,20.0,Home,,True,2012
0021100633,2012-03-14,SAS,ORL,San Antonio Spurs,Orlando Magic,122.0,111.0,11.0,Home,,True,2012
0021100634,2012-03-14,SAC,DET,Sacramento Kings,Detroit Pistons,112.0,124.0,-12.0,Home,,True,2012
0021100635,2012-03-14,PHX,UTA,Phoenix Suns,Utah Jazz,120.0,111.0,9.0,Home,,True,2012
0021100636,2012-03-14,LAC,ATL,Los Angeles Clippers,Atlanta Hawks,96.0,82.0,14.0,Home,,True,2012
0021100637,2012-03-14,GSW,BOS,Golden State Warriors,Boston Celtics,103.0,105.0,-2.0,Home,,True,2012
0021100638,2012-03-15,NOH,WAS,New Orleans Hornets,Washington Wizards,89.0,99.0,-10.0,Home,,True,2012
0021100639,2012-03-15,DAL,CHA,Dallas Mavericks,Charlotte Bobcats,101.0,96.0,5.0,Home,,True,2012
0021100640,2012-03-15,DEN,OKC,Denver Nuggets,Oklahoma City Thunder,90.0,103.0,-13.0,Home,,True,2012
0021100641,2012-03-15,UTA,MIN,Utah Jazz,Minnesota Timberwolves,111.0,105.0,6.0,Home,,True,2012
0021100642,2012-03-15,LAC,PHX,Los Angeles Clippers,Phoenix Suns,87.0,91.0,-4.0,Home,,True,2012
0021100643,2012-03-16,PHI,MIA,Philadelphia 76ers,Miami Heat,78.0,84.0,-6.0,Home,,True,2012
0021100644,2012-03-16,ORL,NJN,Orlando Magic,New Jersey Nets,86.0,70.0,16.0,Home,,True,2012
0021100645,2012-03-16,NYK,IND,New York Knicks,Indiana Pacers,115.0,100.0,15.0,Home,,True,2012
0021100646,2012-03-16,ATL,WAS,Atlanta Hawks,Washington Wizards,102.0,88.0,14.0,Home,,True,2012
0021100647,2012-03-16,CHI,POR,Chicago Bulls,Portland Trail Blazers,89.0,100.0,-11.0,Home,,True,2012
0021100648,2012-03-16,MEM,TOR,Memphis Grizzlies,Toronto Raptors,110.0,114.0,-4.0,Home,,True,2012
0021100649,2012-03-16,OKC,SAS,Oklahoma City Thunder,San Antonio Spurs,105.0,114.0,-9.0,Home,,True,2012
0021100650,2012-03-16,PHX,DET,Phoenix Suns,Detroit Pistons,109.0,101.0,8.0,Home,,True,2012
0021100651,2012-03-16,SAC,BOS,Sacramento Kings,Boston Celtics,120.0,95.0,25.0,Home,,True,2012
0021100652,2012-03-16,LAL,MIN,Los Angeles Lakers,Minnesota Timberwolves,97.0,92.0,5.0,Home,,True,2012
0021100653,2012-03-16,GSW,MIL,Golden State Warriors,Milwaukee Bucks,98.0,120.0,-22.0,Home,,True,2012
0021100654,2012-03-17,LAC,HOU,Los Angeles Clippers,Houston Rockets,95.0,91.0,4.0,Home,,True,2012
0021100655,2012-03-17,CHA,TOR,Charlotte Bobcats,Toronto Raptors,107.0,103.0,4.0,Home,,True,2012
0021100656,2012-03-17,IND,NYK,Indiana Pacers,New York Knicks,88.0,102.0,-14.0,Home,,True,2012
0021100657,2012-03-17,NJN,NOH,New Jersey Nets,New Orleans Hornets,94.0,102.0,-8.0,Home,,True,2012
0021100658,2012-03-17,CHI,PHI,Chicago Bulls,Philadelphia 76ers,89.0,80.0,9.0,Home,,True,2012
0021100659,2012-03-17,DAL,SAS,Dallas Mavericks,San Antonio Spurs,106.0,99.0,7.0,Home,,True,2012
0021100660,2012-03-17,DEN,BOS,Denver Nuggets,Boston Celtics,98.0,91.0,7.0,Home,,True,2012
0021100661,2012-03-17,UTA,GSW,Utah Jazz,Golden State Warriors,99.0,92.0,7.0,Home,,True,2012
0021100662,2012-03-18,CLE,ATL,Cleveland Cavaliers,Atlanta Hawks,87.0,103.0,-16.0,Home,,True,2012
0021100663,2012-03-18,LAC,DET,Los Angeles Clippers,Detroit Pistons,87.0,83.0,4.0,Home,,True,2012
0021100664,2012-03-18,MEM,WAS,Memphis Grizzlies,Washington Wizards,97.0,92.0,5.0,Home,,True,2012
0021100665,2012-03-18,SAC,MIN,Sacramento Kings,Minnesota Timberwolves,115.0,99.0,16.0,Home,,True,2012
0021100666,2012-03-18,MIA,ORL,Miami Heat,Orlando Magic,91.0,81.0,10.0,Home,,True,2012
0021100667,2012-03-18,PHX,HOU,Phoenix Suns,Houston Rockets,99.0,86.0,13.0,Home,,True,2012
0021100668,2012-03-18,OKC,POR,Oklahoma City Thunder,Portland Trail Blazers,111.0,95.0,16.0,Home,,True,2012
0021100669,2012-03-18,LAL,UTA,Los Angeles Lakers,Utah Jazz,99.0,103.0,-4.0,Home,,True,2012
0021100670,2012-03-19,CHA,PHI,Charlotte Bobcats,Philadelphia 76ers,80.0,105.0,-25.0,Home,,True,2012
0021100671,2012-03-19,NJN,CLE,New Jersey Nets,Cleveland Cavaliers,100.0,105.0,-5.0,Home,,True,2012
0021100672,2012-03-19,ATL,BOS,Atlanta Hawks,Boston Celtics,76.0,79.0,-3.0,Home,,True,2012
0021100673,2012-03-19,ORL,CHI,Orlando Magic,Chicago Bulls,59.0,85.0,-26.0,Home,,True,2012
0021100674,2012-03-19,DEN,DAL,Denver Nuggets,Dallas Mavericks,95.0,112.0,-17.0,Home,,True,2012
0021100675,2012-03-19,GSW,MIN,Golden State Warriors,Minnesota Timberwolves,93.0,97.0,-4.0,Home,,True,2012
0021100676,2012-03-20,IND,LAC,Indiana Pacers,Los Angeles Clippers,102.0,89.0,13.0,Home,,True,2012
0021100677,2012-03-20,NYK,TOR,New York Knicks,Toronto Raptors,106.0,87.0,19.0,Home,,True,2012
0021100678,2012-03-20,MIA,PHX,Miami Heat,Phoenix Suns,99.0,95.0,4.0,Home,,True,2012
0021100679,2012-03-20,HOU,LAL,Houston Rockets,Los Angeles Lakers,107.0,104.0,3.0,Home,,True,2012
0021100680,2012-03-20,UTA,OKC,Utah Jazz,Oklahoma City Thunder,97.0,90.0,7.0,Home,,True,2012
0021100681,2012-03-20,SAC,MEM,Sacramento Kings,Memphis Grizzlies,119.0,110.0,9.0,Home,,True,2012
0021100682,2012-03-20,POR,MIL,Portland Trail Blazers,Milwaukee Bucks,87.0,116.0,-29.0,Home,,True,2012
0021100683,2012-03-21,TOR,CHI,Toronto Raptors,Chicago Bulls,82.0,94.0,-12.0,Home,,True,2012
0021100684,2012-03-21,PHI,NYK,Philadelphia 76ers,New York Knicks,79.0,82.0,-3.0,Home,,True,2012
0021100685,2012-03-21,ORL,PHX,Orlando Magic,Phoenix Suns,103.0,93.0,10.0,Home,,True,2012
0021100686,2012-03-21,NJN,WAS,New Jersey Nets,Washington Wizards,89.0,108.0,-19.0,Home,,True,2012
0021100687,2012-03-21,ATL,CLE,Atlanta Hawks,Cleveland Cavaliers,103.0,102.0,1.0,Home,,True,2012
0021100688,2012-03-21,NOH,GSW,New Orleans Hornets,Golden State Warriors,92.0,101.0,-9.0,Home,,True,2012
0021100689,2012-03-21,OKC,LAC,Oklahoma City Thunder,Los Angeles Clippers,114.0,91.0,23.0,Home,,True,2012
0021100690,2012-03-21,SAS,MIN,San Antonio Spurs,Minnesota Timberwolves,116.0,100.0,16.0,Home,,True,2012
0021100691,2012-03-21,DEN,DET,Denver Nuggets,Detroit Pistons,116.0,115.0,1.0,Home,,True,2012
0021100692,2012-03-21,DAL,LAL,Dallas Mavericks,Los Angeles Lakers,93.0,109.0,-16.0,Home,,True,2012
0021100693,2012-03-22,WAS,IND,Washington Wizards,Indiana Pacers,83.0,85.0,-2.0,Home,,True,2012
0021100694,2012-03-22,MIL,BOS,Milwaukee Bucks,Boston Celtics,91.0,100.0,-9.0,Home,,True,2012
0021100695,2012-03-22,NOH,LAC,New Orleans Hornets,Los Angeles Clippers,97.0,90.0,7.0,Home,,True,2012
0021100696,2012-03-22,HOU,GSW,Houston Rockets,Golden State Warriors,109.0,83.0,26.0,Home,,True,2012
0021100697,2012-03-22,SAC,UTA,Sacramento Kings,Utah Jazz,102.0,103.0,-1.0,Home,,True,2012
0021100698,2012-03-22,POR,MEM,Portland Trail Blazers,Memphis Grizzlies,97.0,93.0,4.0,Home,,True,2012
0021100699,2012-03-23,TOR,NYK,Toronto Raptors,New York Knicks,96.0,79.0,17.0,Home,,True,2012
0021100700,2012-03-23,CHA,MIL,Charlotte Bobcats,Milwaukee Bucks,92.0,112.0,-20.0,Home,,True,2012
0021100701,2012-03-23,ORL,CLE,Orlando Magic,Cleveland Cavaliers,93.0,80.0,13.0,Home,,True,2012
0021100702,2012-03-23,IND,PHX,Indiana Pacers,Phoenix Suns,111.0,113.0,-2.0,Home,,True,2012
0021100703,2012-03-23,ATL,NJN,Atlanta Hawks,New Jersey Nets,93.0,84.0,9.0,Home,,True,2012
0021100704,2012-03-23,DET,MIA,Detroit Pistons,Miami Heat,73.0,88.0,-15.0,Home,,True,2012
0021100705,2012-03-23,PHI,BOS,Philadelphia 76ers,Boston Celtics,99.0,86.0,13.0,Home,,True,2012
0021100706,2012-03-23,OKC,MIN,Oklahoma City Thunder,Minnesota Timberwolves,149.0,140.0,9.0,Home,,True,2012
0021100707,2012-03-23,SAS,DAL,San Antonio Spurs,Dallas Mavericks,104.0,87.0,17.0,Home,,True,2012
0021100708,2012-03-23,UTA,DEN,Utah Jazz,Denver Nuggets,121.0,102.0,19.0,Home,,True,2012
0021100709,2012-03-23,LAL,POR,Los Angeles Lakers,Portland Trail Blazers,103.0,96.0,7.0,Home,,True,2012
0021100710,2012-03-24,LAC,MEM,Los Angeles Clippers,Memphis Grizzlies,101.0,85.0,16.0,Home,,True,2012
0021100711,2012-03-24,WAS,ATL,Washington Wizards,Atlanta Hawks,92.0,95.0,-3.0,Home,,True,2012
0021100712,2012-03-24,NJN,CHA,New Jersey Nets,Charlotte Bobcats,102.0,89.0,13.0,Home,,True,2012
0021100713,2012-03-24,NYK,DET,New York Knicks,Detroit Pistons,101.0,79.0,22.0,Home,,True,2012
0021100714,2012-03-24,CHI,TOR,Chicago Bulls,Toronto Raptors,102.0,101.0,1.0,Home,,True,2012
0021100715,2012-03-24,NOH,SAS,New Orleans Hornets,San Antonio Spurs,86.0,89.0,-3.0,Home,,True,2012
0021100716,2012-03-24,HOU,DAL,Houston Rockets,Dallas Mavericks,99.0,101.0,-2.0,Home,,True,2012
0021100717,2012-03-24,MIL,IND,Milwaukee Bucks,Indiana Pacers,104.0,125.0,-21.0,Home,,True,2012
0021100718,2012-03-24,GSW,SAC,Golden State Warriors,Sacramento Kings,111.0,108.0,3.0,Home,,True,2012
0021100719,2012-03-25,CLE,PHX,Cleveland Cavaliers,Phoenix Suns,83.0,108.0,-25.0,Home,,True,2012
0021100720,2012-03-25,MIN,DEN,Minnesota Timberwolves,Denver Nuggets,117.0,100.0,17.0,Home,,True,2012
0021100721,2012-03-25,BOS,WAS,Boston Celtics,Washington Wizards,88.0,76.0,12.0,Home,,True,2012
0021100722,2012-03-25,ATL,UTA,Atlanta Hawks,Utah Jazz,139.0,133.0,6.0,Home,,True,2012
0021100723,2012-03-25,SAS,PHI,San Antonio Spurs,Philadelphia 76ers,93.0,76.0,17.0,Home,,True,2012
0021100724,2012-03-25,OKC,MIA,Oklahoma City Thunder,Miami Heat,103.0,87.0,16.0,Home,,True,2012
0021100725,2012-03-25,POR,GSW,Portland Trail Blazers,Golden State Warriors,90.0,87.0,3.0,Home,,True,2012
0021100726,2012-03-25,LAL,MEM,Los Angeles Lakers,Memphis Grizzlies,96.0,102.0,-6.0,Home,,True,2012
0021100727,2012-03-26,TOR,ORL,Toronto Raptors,Orlando Magic,101.0,117.0,-16.0,Home,,True,2012
0021100728,2012-03-26,WAS,DET,Washington Wizards,Detroit Pistons,77.0,79.0,-2.0,Home,,True,2012
0021100729,2012-03-26,CHA,BOS,Charlotte Bobcats,Boston Celtics,95.0,102.0,-7.0,Home,,True,2012
0021100730,2012-03-26,IND,MIA,Indiana Pacers,Miami Heat,105.0,90.0,15.0,Home,,True,2012
0021100731,2012-03-26,NJN,UTA,New Jersey Nets,Utah Jazz,84.0,105.0,-21.0,Home,,True,2012
0021100732,2012-03-26,NYK,MIL,New York Knicks,Milwaukee Bucks,89.0,80.0,9.0,Home,,True,2012
0021100733,2012-03-26,CHI,DEN,Chicago Bulls,Denver Nuggets,91.0,108.0,-17.0,Home,,True,2012
0021100734,2012-03-26,HOU,SAC,Houston Rockets,Sacramento Kings,113.0,106.0,7.0,Home,,True,2012
0021100735,2012-03-26,LAC,NOH,Los Angeles Clippers,New Orleans Hornets,97.0,85.0,12.0,Home,,True,2012
0021100736,2012-03-27,PHI,CLE,Philadelphia 76ers,Cleveland Cavaliers,103.0,85.0,18.0,Home,,True,2012
0021100737,2012-03-27,MIL,ATL,Milwaukee Bucks,Atlanta Hawks,108.0,101.0,7.0,Home,,True,2012
0021100738,2012-03-27,MEM,MIN,Memphis Grizzlies,Minnesota Timberwolves,93.0,86.0,7.0,Home,,True,2012
0021100739,2012-03-27,DAL,HOU,Dallas Mavericks,Houston Rockets,90.0,81.0,9.0,Home,,True,2012
0021100740,2012-03-27,PHX,SAS,Phoenix Suns,San Antonio Spurs,100.0,107.0,-7.0,Home,,True,2012
0021100741,2012-03-27,POR,OKC,Portland Trail Blazers,Oklahoma City Thunder,95.0,109.0,-14.0,Home,,True,2012
0021100742,2012-03-27,GSW,LAL,Golden State Warriors,Los Angeles Lakers,101.0,104.0,-3.0,Home,,True,2012
0021100743,2012-03-28,TOR,DEN,Toronto Raptors,Denver Nuggets,105.0,96.0,9.0,Home,,True,2012
0021100744,2012-03-28,NYK,ORL,New York Knicks,Orlando Magic,108.0,86.0,22.0,Home,,True,2012
0021100745,2012-03-28,CHA,MIN,Charlotte Bobcats,Minnesota Timberwolves,83.0,88.0,-5.0,Home,,True,2012
0021100746,2012-03-28,CLE,DET,Cleveland Cavaliers,Detroit Pistons,75.0,87.0,-12.0,Home,,True,2012
0021100747,2012-03-28,BOS,UTA,Boston Celtics,Utah Jazz,94.0,82.0,12.0,Home,,True,2012
0021100748,2012-03-28,NJN,IND,New Jersey Nets,Indiana Pacers,100.0,84.0,16.0,Home,,True,2012
0021100749,2012-03-28,ATL,CHI,Atlanta Hawks,Chicago Bulls,77.0,98.0,-21.0,Home,,True,2012
0021100750,2012-03-28,SAC,SAS,Sacramento Kings,San Antonio Spurs,112.0,117.0,-5.0,Home,,True,2012
0021100751,2012-03-28,LAC,PHX,Los Angeles Clippers,Phoenix Suns,103.0,86.0,17.0,Home,,True,2012
0021100752,2012-03-28,GSW,NOH,Golden State Warriors,New Orleans Hornets,87.0,102.0,-15.0,Home,,True,2012
0021100753,2012-03-29,IND,WAS,Indiana Pacers,Washington Wizards,93.0,89.0,4.0,Home,,True,2012
0021100754,2012-03-29,MIA,DAL,Miami Heat,Dallas Mavericks,106.0,85.0,21.0,Home,,True,2012
0021100755,2012-03-29,POR,NOH,Portland Trail Blazers,New Orleans Hornets,99.0,93.0,6.0,Home,,True,2012
0021100756,2012-03-29,LAL,OKC,Los Angeles Lakers,Oklahoma City Thunder,93.0,102.0,-9.0,Home,,True,2012
0021100757,2012-03-30,TOR,MIA,Toronto Raptors,Miami Heat,101.0,113.0,-12.0,Home,,True,2012
0021100758,2012-03-30,WAS,PHI,Washington Wizards,Philadelphia 76ers,97.0,76.0,21.0,Home,,True,2012
0021100759,2012-03-30,CHA,DEN,Charlotte Bobcats,Denver Nuggets,88.0,99.0,-11.0,Home,,True,2012
0021100760,2012-03-30,ATL,NYK,Atlanta Hawks,New York Knicks,100.0,90.0,10.0,Home,,True,2012
0021100761,2012-03-30,CLE,MIL,Cleveland Cavaliers,Milwaukee Bucks,84.0,121.0,-37.0,Home,,True,2012
0021100762,2012-03-30,ORL,DAL,Orlando Magic,Dallas Mavericks,98.0,100.0,-2.0,Home,,True,2012
0021100763,2012-03-30,CHI,DET,Chicago Bulls,Detroit Pistons,83.0,71.0,12.0,Home,,True,2012
0021100764,2012-03-30,HOU,MEM,Houston Rockets,Memphis Grizzlies,98.0,89.0,9.0,Home,,True,2012
0021100765,2012-03-30,MIN,BOS,Minnesota Timberwolves,Boston Celtics,79.0,100.0,-21.0,Home,,True,2012
0021100766,2012-03-30,UTA,SAC,Utah Jazz,Sacramento Kings,103.0,104.0,-1.0,Home,,True,2012
0021100767,2012-03-30,LAC,POR,Los Angeles Clippers,Portland Trail Blazers,98.0,97.0,1.0,Home,,True,2012
0021100768,2012-03-30,GSW,NJN,Golden State Warriors,New Jersey Nets,100.0,102.0,-2.0,Home,,True,2012
0021100769,2012-03-31,LAL,NOH,Los Angeles Lakers,New Orleans Hornets,88.0,85.0,3.0,Home,,True,2012
0021100770,2012-03-31,NYK,CLE,New York Knicks,Cleveland Cavaliers,91.0,75.0,16.0,Home,,True,2012
0021100771,2012-03-31,PHI,ATL,Philadelphia 76ers,Atlanta Hawks,95.0,90.0,5.0,Home,,True,2012
0021100772,2012-03-31,DET,CHA,Detroit Pistons,Charlotte Bobcats,110.0,107.0,3.0,Home,,True,2012
0021100773,2012-03-31,MIL,MEM,Milwaukee Bucks,Memphis Grizzlies,95.0,99.0,-4.0,Home,,True,2012
0021100774,2012-03-31,SAS,IND,San Antonio Spurs,Indiana Pacers,112.0,103.0,9.0,Home,,True,2012
0021100775,2012-03-31,SAC,NJN,Sacramento Kings,New Jersey Nets,99.0,111.0,-12.0,Home,,True,2012
0021100776,2012-03-31,LAC,UTA,Los Angeles Clippers,Utah Jazz,105.0,96.0,9.0,Home,,True,2012
0021100777,2012-04-01,OKC,CHI,Oklahoma City Thunder,Chicago Bulls,92.0,78.0,14.0,Home,,True,2012
0021100778,2012-04-01,BOS,MIA,Boston Celtics,Miami Heat,91.0,72.0,19.0,Home,,True,2012
0021100779,2012-04-01,TOR,WAS,Toronto Raptors,Washington Wizards,99.0,92.0,7.0,Home,,True,2012
0021100780,2012-04-01,ORL,DEN,Orlando Magic,Denver Nuggets,101.0,104.0,-3.0,Home,,True,2012
0021100781,2012-04-01,HOU,IND,Houston Rockets,Indiana Pacers,102.0,104.0,-2.0,Home,,True,2012
0021100782,2012-04-01,PHX,NOH,Phoenix Suns,New Orleans Hornets,92.0,75.0,17.0,Home,,True,2012
0021100783,2012-04-01,POR,MIN,Portland Trail Blazers,Minnesota Timberwolves,119.0,106.0,13.0,Home,,True,2012
0021100784,2012-04-01,LAL,GSW,Los Angeles Lakers,Golden State Warriors,120.0,112.0,8.0,Home,,True,2012
0021100785,2012-04-02,WAS,MIL,Washington Wizards,Milwaukee Bucks,98.0,112.0,-14.0,Home,,True,2012
0021100786,2012-04-02,CHI,HOU,Chicago Bulls,Houston Rockets,93.0,99.0,-6.0,Home,,True,2012
0021100787,2012-04-02,OKC,MEM,Oklahoma City Thunder,Memphis Grizzlies,88.0,94.0,-6.0,Home,,True,2012
0021100788,2012-04-02,DAL,LAC,Dallas Mavericks,Los Angeles Clippers,75.0,94.0,-19.0,Home,,True,2012
0021100789,2012-04-02,SAC,MIN,Sacramento Kings,Minnesota Timberwolves,116.0,108.0,8.0,Home,,True,2012
0021100790,2012-04-02,POR,UTA,Portland Trail Blazers,Utah Jazz,97.0,102.0,-5.0,Home,,True,2012
0021100791,2012-04-03,TOR,CHA,Toronto Raptors,Charlotte Bobcats,92.0,87.0,5.0,Home,,True,2012
0021100792,2012-04-03,CLE,SAS,Cleveland Cavaliers,San Antonio Spurs,90.0,125.0,-35.0,Home,,True,2012
0021100793,2012-04-03,IND,NYK,Indiana Pacers,New York Knicks,112.0,104.0,8.0,Home,,True,2012
0021100794,2012-04-03,MIA,PHI,Miami Heat,Philadelphia 76ers,99.0,93.0,6.0,Home,,True,2012
0021100795,2012-04-03,DET,ORL,Detroit Pistons,Orlando Magic,102.0,95.0,7.0,Home,,True,2012
0021100796,2012-04-03,MEM,GSW,Memphis Grizzlies,Golden State Warriors,98.0,94.0,4.0,Home,,True,2012
0021100797,2012-04-03,SAC,PHX,Sacramento Kings,Phoenix Suns,100.0,109.0,-9.0,Home,,True,2012
0021100798,2012-04-03,LAL,NJN,Los Angeles Lakers,New Jersey Nets,91.0,87.0,4.0,Home,,True,2012
0021100799,2012-04-04,PHI,TOR,Philadelphia 76ers,Toronto Raptors,78.0,99.0,-21.0,Home,,True,2012
0021100800,2012-04-04,WAS,IND,Washington Wizards,Indiana Pacers,96.0,109.0,-13.0,Home,,True,2012
0021100801,2012-04-04,BOS,SAS,Boston Celtics,San Antonio Spurs,86.0,87.0,-1.0,Home,,True,2012
0021100802,2012-04-04,ATL,CHA,Atlanta Hawks,Charlotte Bobcats,120.0,93.0,27.0,Home,,True,2012
0021100803,2012-04-04,MIA,OKC,Miami Heat,Oklahoma City Thunder,98.0,93.0,5.0,Home,,True,2012
0021100804,2012-04-04,MIL,CLE,Milwaukee Bucks,Cleveland Cavaliers,107.0,98.0,9.0,Home,,True,2012
0021100805,2012-04-04,NOH,DEN,New Orleans Hornets,Denver Nuggets,94.0,92.0,2.0,Home,,True,2012
0021100806,2012-04-04,MIN,GSW,Minnesota Timberwolves,Golden State Warriors,94.0,97.0,-3.0,Home,,True,2012
0021100807,2012-04-04,DAL,MEM,Dallas Mavericks,Memphis Grizzlies,95.0,85.0,10.0,Home,,True,2012
0021100808,2012-04-04,UTA,PHX,Utah Jazz,Phoenix Suns,105.0,107.0,-2.0,Home,,True,2012
0021100809,2012-04-04,POR,NJN,Portland Trail Blazers,New Jersey Nets,101.0,88.0,13.0,Home,,True,2012
0021100810,2012-04-04,LAC,LAL,Los Angeles Clippers,Los Angeles Lakers,108.0,113.0,-5.0,Home,,True,2012
0021100811,2012-04-05,ORL,NYK,Orlando Magic,New York Knicks,80.0,96.0,-16.0,Home,,True,2012
0021100812,2012-04-05,DET,WAS,Detroit Pistons,Washington Wizards,99.0,94.0,5.0,Home,,True,2012
0021100813,2012-04-05,CHI,BOS,Chicago Bulls,Boston Celtics,93.0,86.0,7.0,Home,,True,2012
0021100814,2012-04-05,SAC,LAC,Sacramento Kings,Los Angeles Clippers,85.0,93.0,-8.0,Home,,True,2012
0021100815,2012-04-06,IND,OKC,Indiana Pacers,Oklahoma City Thunder,103.0,98.0,5.0,Home,,True,2012
0021100816,2012-04-06,TOR,CLE,Toronto Raptors,Cleveland Cavaliers,80.0,84.0,-4.0,Home,,True,2012
0021100817,2012-04-06,NJN,WAS,New Jersey Nets,Washington Wizards,110.0,98.0,12.0,Home,,True,2012
0021100818,2012-04-06,ATL,DET,Atlanta Hawks,Detroit Pistons,101.0,96.0,5.0,Home,,True,2012
0021100819,2012-04-06,MIA,MEM,Miami Heat,Memphis Grizzlies,82.0,97.0,-15.0,Home,,True,2012
0021100820,2012-04-06,MIL,CHA,Milwaukee Bucks,Charlotte Bobcats,95.0,90.0,5.0,Home,,True,2012
0021100821,2012-04-06,DAL,POR,Dallas Mavericks,Portland Trail Blazers,97.0,99.0,-2.0,Home,,True,2012
0021100822,2012-04-06,SAS,NOH,San Antonio Spurs,New Orleans Hornets,128.0,103.0,25.0,Home,,True,2012
0021100823,2012-04-06,DEN,PHX,Denver Nuggets,Phoenix Suns,105.0,99.0,6.0,Home,,True,2012
0021100824,2012-04-06,UTA,GSW,Utah Jazz,Golden State Warriors,104.0,98.0,6.0,Home,,True,2012
0021100825,2012-04-06,LAL,HOU,Los Angeles Lakers,Houston Rockets,107.0,112.0,-5.0,Home,,True,2012
0021100826,2012-04-07,CHA,ATL,Charlotte Bobcats,Atlanta Hawks,96.0,116.0,-20.0,Home,,True,2012
0021100827,2012-04-07,IND,BOS,Indiana Pacers,Boston Celtics,72.0,86.0,-14.0,Home,,True,2012
0021100828,2012-04-07,PHI,ORL,Philadelphia 76ers,Orlando Magic,82.0,88.0,-6.0,Home,,True,2012
0021100829,2012-04-07,MEM,DAL,Memphis Grizzlies,Dallas Mavericks,94.0,89.0,5.0,Home,,True,2012
0021100830,2012-04-07,NOH,MIN,New Orleans Hornets,Minnesota Timberwolves,99.0,90.0,9.0,Home,,True,2012
0021100831,2012-04-07,MIL,POR,Milwaukee Bucks,Portland Trail Blazers,116.0,94.0,22.0,Home,,True,2012
0021100832,2012-04-07,PHX,LAL,Phoenix Suns,Los Angeles Lakers,125.0,105.0,20.0,Home,,True,2012
0021100833,2012-04-07,LAC,SAC,Los Angeles Clippers,Sacramento Kings,109.0,94.0,15.0,Home,,True,2012
0021100834,2012-04-07,GSW,DEN,Golden State Warriors,Denver Nuggets,112.0,97.0,15.0,Home,,True,2012
0021100835,2012-04-08,NYK,CHI,New York Knicks,Chicago Bulls,100.0,99.0,1.0,Home,,True,2012
0021100836,2012-04-08,BOS,PHI,Boston Celtics,Philadelphia 76ers,103.0,79.0,24.0,Home,,True,2012
0021100837,2012-04-08,NJN,CLE,New Jersey Nets,Cleveland Cavaliers,122.0,117.0,5.0,Home,,True,2012
0021100838,2012-04-08,MIA,DET,Miami Heat,Detroit Pistons,98.0,75.0,23.0,Home,,True,2012
0021100839,2012-04-08,SAS,UTA,San Antonio Spurs,Utah Jazz,114.0,104.0,10.0,Home,,True,2012
0021100840,2012-04-08,OKC,TOR,Oklahoma City Thunder,Toronto Raptors,91.0,75.0,16.0,Home,,True,2012
0021100841,2012-04-08,SAC,HOU,Sacramento Kings,Houston Rockets,87.0,104.0,-17.0,Home,,True,2012
0021100842,2012-04-09,CHA,WAS,Charlotte Bobcats,Washington Wizards,85.0,113.0,-28.0,Home,,True,2012
0021100843,2012-04-09,ORL,DET,Orlando Magic,Detroit Pistons,119.0,89.0,30.0,Home,,True,2012
0021100844,2012-04-09,IND,TOR,Indiana Pacers,Toronto Raptors,103.0,98.0,5.0,Home,,True,2012
0021100845,2012-04-09,MIL,OKC,Milwaukee Bucks,Oklahoma City Thunder,89.0,109.0,-20.0,Home,,True,2012
0021100846,2012-04-09,MEM,LAC,Memphis Grizzlies,Los Angeles Clippers,94.0,85.0,9.0,Home,,True,2012
0021100847,2012-04-09,NOH,LAL,New Orleans Hornets,Los Angeles Lakers,91.0,93.0,-2.0,Home,,True,2012
0021100848,2012-04-09,MIN,PHX,Minnesota Timberwolves,Phoenix Suns,90.0,114.0,-24.0,Home,,True,2012
0021100849,2012-04-09,DEN,GSW,Denver Nuggets,Golden State Warriors,123.0,84.0,39.0,Home,,True,2012
0021100850,2012-04-09,UTA,SAS,Utah Jazz,San Antonio Spurs,91.0,84.0,7.0,Home,,True,2012
0021100851,2012-04-09,POR,HOU,Portland Trail Blazers,Houston Rockets,89.0,94.0,-5.0,Home,,True,2012
0021100852,2012-04-10,WAS,ORL,Washington Wizards,Orlando Magic,93.0,85.0,8.0,Home,,True,2012
0021100853,2012-04-10,MIA,BOS,Miami Heat,Boston Celtics,107.0,115.0,-8.0,Home,,True,2012
0021100854,2012-04-10,CLE,CHA,Cleveland Cavaliers,Charlotte Bobcats,103.0,90.0,13.0,Home,,True,2012
0021100855,2012-04-10,NJN,PHI,New Jersey Nets,Philadelphia 76ers,88.0,107.0,-19.0,Home,,True,2012
0021100856,2012-04-10,DAL,SAC,Dallas Mavericks,Sacramento Kings,110.0,100.0,10.0,Home,,True,2012
0021100857,2012-04-10,CHI,NYK,Chicago Bulls,New York Knicks,98.0,86.0,12.0,Home,,True,2012
0021100858,2012-04-11,TOR,PHI,Toronto Raptors,Philadelphia 76ers,75.0,93.0,-18.0,Home,,True,2012
0021100859,2012-04-11,CLE,IND,Cleveland Cavaliers,Indiana Pacers,98.0,104.0,-6.0,Home,,True,2012
0021100860,2012-04-11,BOS,ATL,Boston Celtics,Atlanta Hawks,88.0,86.0,2.0,Home,,True,2012
0021100861,2012-04-11,MIL,NYK,Milwaukee Bucks,New York Knicks,107.0,111.0,-4.0,Home,,True,2012
0021100862,2012-04-11,MEM,PHX,Memphis Grizzlies,Phoenix Suns,104.0,93.0,11.0,Home,,True,2012
0021100863,2012-04-11,NOH,SAC,New Orleans Hornets,Sacramento Kings,105.0,96.0,9.0,Home,,True,2012
0021100864,2012-04-11,HOU,UTA,Houston Rockets,Utah Jazz,91.0,103.0,-12.0,Home,,True,2012
0021100865,2012-04-11,OKC,LAC,Oklahoma City Thunder,Los Angeles Clippers,98.0,100.0,-2.0,Home,,True,2012
0021100866,2012-04-11,SAS,LAL,San Antonio Spurs,Los Angeles Lakers,84.0,98.0,-14.0,Home,,True,2012
0021100867,2012-04-11,DEN,MIN,Denver Nuggets,Minnesota Timberwolves,113.0,107.0,6.0,Home,,True,2012
0021100868,2012-04-11,POR,GSW,Portland Trail Blazers,Golden State Warriors,118.0,110.0,8.0,Home,,True,2012
0021100869,2012-04-12,CHA,DET,Charlotte Bobcats,Detroit Pistons,85.0,109.0,-24.0,Home,,True,2012
0021100870,2012-04-12,CHI,MIA,Chicago Bulls,Miami Heat,96.0,86.0,10.0,Home,,True,2012
0021100871,2012-04-12,MIN,LAC,Minnesota Timberwolves,Los Angeles Clippers,82.0,95.0,-13.0,Home,,True,2012
0021100872,2012-04-12,SAS,MEM,San Antonio Spurs,Memphis Grizzlies,107.0,97.0,10.0,Home,,True,2012
0021100873,2012-04-12,GSW,DAL,Golden State Warriors,Dallas Mavericks,103.0,112.0,-9.0,Home,,True,2012
0021100874,2012-04-13,TOR,BOS,Toronto Raptors,Boston Celtics,84.0,79.0,5.0,Home,,True,2012
0021100875,2012-04-13,PHI,NJN,Philadelphia 76ers,New Jersey Nets,89.0,95.0,-6.0,Home,,True,2012
0021100876,2012-04-13,ORL,ATL,Orlando Magic,Atlanta Hawks,81.0,109.0,-28.0,Home,,True,2012
0021100877,2012-04-13,IND,CLE,Indiana Pacers,Cleveland Cavaliers,102.0,83.0,19.0,Home,,True,2012
0021100878,2012-04-13,NYK,WAS,New York Knicks,Washington Wizards,103.0,65.0,38.0,Home,,True,2012
0021100879,2012-04-13,MIA,CHA,Miami Heat,Charlotte Bobcats,105.0,82.0,23.0,Home,,True,2012
0021100880,2012-04-13,DET,MIL,Detroit Pistons,Milwaukee Bucks,97.0,113.0,-16.0,Home,,True,2012
0021100881,2012-04-13,NOH,UTA,New Orleans Hornets,Utah Jazz,96.0,85.0,11.0,Home,,True,2012
0021100882,2012-04-13,HOU,PHX,Houston Rockets,Phoenix Suns,105.0,112.0,-7.0,Home,,True,2012
0021100883,2012-04-13,OKC,SAC,Oklahoma City Thunder,Sacramento Kings,115.0,89.0,26.0,Home,,True,2012
0021100884,2012-04-13,LAL,DEN,Los Angeles Lakers,Denver Nuggets,103.0,97.0,6.0,Home,,True,2012
0021100885,2012-04-13,POR,DAL,Portland Trail Blazers,Dallas Mavericks,94.0,97.0,-3.0,Home,,True,2012
0021100886,2012-04-14,LAC,GSW,Los Angeles Clippers,Golden State Warriors,112.0,104.0,8.0,Home,,True,2012
0021100887,2012-04-14,WAS,CLE,Washington Wizards,Cleveland Cavaliers,89.0,98.0,-9.0,Home,,True,2012
0021100888,2012-04-14,NJN,BOS,New Jersey Nets,Boston Celtics,82.0,94.0,-12.0,Home,,True,2012
0021100889,2012-04-14,MEM,UTA,Memphis Grizzlies,Utah Jazz,103.0,98.0,5.0,Home,,True,2012
0021100890,2012-04-14,MIN,OKC,Minnesota Timberwolves,Oklahoma City Thunder,110.0,115.0,-5.0,Home,,True,2012
0021100891,2012-04-14,MIL,IND,Milwaukee Bucks,Indiana Pacers,99.0,105.0,-6.0,Home,,True,2012
0021100892,2012-04-14,SAS,PHX,San Antonio Spurs,Phoenix Suns,105.0,91.0,14.0,Home,,True,2012
0021100893,2012-04-15,NYK,MIA,New York Knicks,Miami Heat,85.0,93.0,-8.0,Home,,True,2012
0021100894,2012-04-15,LAL,DAL,Los Angeles Lakers,Dallas Mavericks,112.0,108.0,4.0,Home,,True,2012
0021100895,2012-04-15,CHA,BOS,Charlotte Bobcats,Boston Celtics,82.0,94.0,-12.0,Home,,True,2012
0021100896,2012-04-15,ATL,TOR,Atlanta Hawks,Toronto Raptors,86.0,102.0,-16.0,Home,,True,2012
0021100897,2012-04-15,DET,CHI,Detroit Pistons,Chicago Bulls,94.0,100.0,-6.0,Home,,True,2012
0021100898,2012-04-15,CLE,ORL,Cleveland Cavaliers,Orlando Magic,84.0,100.0,-16.0,Home,,True,2012
0021100899,2012-04-15,SAC,POR,Sacramento Kings,Portland Trail Blazers,104.0,103.0,1.0,Home,,True,2012
0021100900,2012-04-15,NOH,MEM,New Orleans Hornets,Memphis Grizzlies,88.0,75.0,13.0,Home,,True,2012
0021100901,2012-04-15,DEN,HOU,Denver Nuggets,Houston Rockets,101.0,86.0,15.0,Home,,True,2012
0021100902,2012-04-16,TOR,ATL,Toronto Raptors,Atlanta Hawks,87.0,109.0,-22.0,Home,,True,2012
0021100903,2012-04-16,CHA,NOH,Charlotte Bobcats,New Orleans Hornets,67.0,75.0,-8.0,Home,,True,2012
0021100904,2012-04-16,ORL,PHI,Orlando Magic,Philadelphia 76ers,113.0,100.0,13.0,Home,,True,2012
0021100905,2012-04-16,IND,MIN,Indiana Pacers,Minnesota Timberwolves,111.0,88.0,23.0,Home,,True,2012
0021100906,2012-04-16,NJN,MIA,New Jersey Nets,Miami Heat,98.0,101.0,-3.0,Home,,True,2012
0021100907,2012-04-16,CHI,WAS,Chicago Bulls,Washington Wizards,84.0,87.0,-3.0,Home,,True,2012
0021100908,2012-04-16,HOU,DEN,Houston Rockets,Denver Nuggets,102.0,105.0,-3.0,Home,,True,2012
0021100909,2012-04-16,UTA,DAL,Utah Jazz,Dallas Mavericks,123.0,121.0,2.0,Home,,True,2012
0021100910,2012-04-16,PHX,POR,Phoenix Suns,Portland Trail Blazers,125.0,107.0,18.0,Home,,True,2012
0021100911,2012-04-16,LAC,OKC,Los Angeles Clippers,Oklahoma City Thunder,92.0,77.0,15.0,Home,,True,2012
0021100912,2012-04-16,GSW,SAS,Golden State Warriors,San Antonio Spurs,99.0,120.0,-21.0,Home,,True,2012
0021100913,2012-04-17,PHI,IND,Philadelphia 76ers,Indiana Pacers,97.0,102.0,-5.0,Home,,True,2012
0021100914,2012-04-17,DET,CLE,Detroit Pistons,Cleveland Cavaliers,116.0,77.0,39.0,Home,,True,2012
0021100915,2012-04-17,NYK,BOS,New York Knicks,Boston Celtics,118.0,110.0,8.0,Home,,True,2012
0021100916,2012-04-17,MIN,MEM,Minnesota Timberwolves,Memphis Grizzlies,84.0,91.0,-7.0,Home,,True,2012
0021100917,2012-04-17,LAL,SAS,Los Angeles Lakers,San Antonio Spurs,91.0,112.0,-21.0,Home,,True,2012
0021100918,2012-04-18,WAS,MIL,Washington Wizards,Milwaukee Bucks,121.0,112.0,9.0,Home,,True,2012
0021100919,2012-04-18,CHA,CHI,Charlotte Bobcats,Chicago Bulls,68.0,100.0,-32.0,Home,,True,2012
0021100920,2012-04-18,CLE,PHI,Cleveland Cavaliers,Philadelphia 76ers,87.0,103.0,-16.0,Home,,True,2012
0021100921,2012-04-18,NJN,NYK,New Jersey Nets,New York Knicks,95.0,104.0,-9.0,Home,,True,2012
0021100922,2012-04-18,ATL,DET,Atlanta Hawks,Detroit Pistons,116.0,84.0,32.0,Home,,True,2012
0021100923,2012-04-18,MIA,TOR,Miami Heat,Toronto Raptors,96.0,72.0,24.0,Home,,True,2012
0021100924,2012-04-18,BOS,ORL,Boston Celtics,Orlando Magic,102.0,98.0,4.0,Home,,True,2012
0021100925,2012-04-18,MEM,NOH,Memphis Grizzlies,New Orleans Hornets,103.0,91.0,12.0,Home,,True,2012
0021100926,2012-04-18,DAL,HOU,Dallas Mavericks,Houston Rockets,117.0,110.0,7.0,Home,,True,2012
0021100927,2012-04-18,DEN,LAC,Denver Nuggets,Los Angeles Clippers,98.0,104.0,-6.0,Home,,True,2012
0021100928,2012-04-18,PHX,OKC,Phoenix Suns,Oklahoma City Thunder,97.0,109.0,-12.0,Home,,True,2012
0021100929,2012-04-18,SAC,SAS,Sacramento Kings,San Antonio Spurs,102.0,127.0,-25.0,Home,,True,2012
0021100930,2012-04-18,POR,UTA,Portland Trail Blazers,Utah Jazz,91.0,112.0,-21.0,Home,,True,2012
0021100931,2012-04-18,GSW,LAL,Golden State Warriors,Los Angeles Lakers,87.0,99.0,-12.0,Home,,True,2012
0021100932,2012-04-19,IND,MIL,Indiana Pacers,Milwaukee Bucks,118.0,109.0,9.0,Home,,True,2012
0021100933,2012-04-19,DET,MIN,Detroit Pistons,Minnesota Timberwolves,80.0,91.0,-11.0,Home,,True,2012
0021100934,2012-04-19,MIA,CHI,Miami Heat,Chicago Bulls,83.0,72.0,11.0,Home,,True,2012
0021100935,2012-04-19,NOH,HOU,New Orleans Hornets,Houston Rockets,105.0,99.0,6.0,Home,,True,2012
0021100936,2012-04-19,PHX,LAC,Phoenix Suns,Los Angeles Clippers,93.0,90.0,3.0,Home,,True,2012
0021100937,2012-04-20,CHA,MEM,Charlotte Bobcats,Memphis Grizzlies,80.0,85.0,-5.0,Home,,True,2012
0021100938,2012-04-20,ATL,BOS,Atlanta Hawks,Boston Celtics,97.0,92.0,5.0,Home,,True,2012
0021100939,2012-04-20,CLE,NYK,Cleveland Cavaliers,New York Knicks,98.0,90.0,8.0,Home,,True,2012
0021100940,2012-04-20,DAL,GSW,Dallas Mavericks,Golden State Warriors,104.0,94.0,10.0,Home,,True,2012
0021100941,2012-04-20,SAS,LAL,San Antonio Spurs,Los Angeles Lakers,121.0,97.0,24.0,Home,,True,2012
0021100942,2012-04-20,SAC,OKC,Sacramento Kings,Oklahoma City Thunder,92.0,103.0,-11.0,Home,,True,2012
0021100943,2012-04-21,PHX,DEN,Phoenix Suns,Denver Nuggets,107.0,118.0,-11.0,Home,,True,2012
0021100944,2012-04-21,IND,PHI,Indiana Pacers,Philadelphia 76ers,106.0,109.0,-3.0,Home,,True,2012
0021100945,2012-04-21,MIA,WAS,Miami Heat,Washington Wizards,84.0,86.0,-2.0,Home,,True,2012
0021100946,2012-04-21,CHI,DAL,Chicago Bulls,Dallas Mavericks,93.0,83.0,10.0,Home,,True,2012
0021100947,2012-04-21,MEM,POR,Memphis Grizzlies,Portland Trail Blazers,93.0,89.0,4.0,Home,,True,2012
0021100948,2012-04-21,HOU,GSW,Houston Rockets,Golden State Warriors,99.0,96.0,3.0,Home,,True,2012
0021100949,2012-04-21,MIL,NJN,Milwaukee Bucks,New Jersey Nets,106.0,95.0,11.0,Home,,True,2012
0021100950,2012-04-21,UTA,ORL,Utah Jazz,Orlando Magic,117.0,107.0,10.0,Home,,True,2012
0021100951,2012-04-22,ATL,NYK,Atlanta Hawks,New York Knicks,112.0,113.0,-1.0,Home,,True,2012
0021100952,2012-04-22,LAL,OKC,Los Angeles Lakers,Oklahoma City Thunder,114.0,106.0,8.0,Home,,True,2012
0021100953,2012-04-22,CHA,SAC,Charlotte Bobcats,Sacramento Kings,88.0,114.0,-26.0,Home,,True,2012
0021100954,2012-04-22,MIA,HOU,Miami Heat,Houston Rockets,97.0,88.0,9.0,Home,,True,2012
0021100955,2012-04-22,DET,TOR,Detroit Pistons,Toronto Raptors,76.0,73.0,3.0,Home,,True,2012
0021100956,2012-04-22,SAS,CLE,San Antonio Spurs,Cleveland Cavaliers,114.0,98.0,16.0,Home,,True,2012
0021100957,2012-04-22,MIN,GSW,Minnesota Timberwolves,Golden State Warriors,88.0,93.0,-5.0,Home,,True,2012
0021100958,2012-04-22,DEN,ORL,Denver Nuggets,Orlando Magic,101.0,74.0,27.0,Home,,True,2012
0021100959,2012-04-22,LAC,NOH,Los Angeles Clippers,New Orleans Hornets,107.0,98.0,9.0,Home,,True,2012
0021100960,2012-04-23,WAS,CHA,Washington Wizards,Charlotte Bobcats,101.0,73.0,28.0,Home,,True,2012
0021100961,2012-04-23,IND,DET,Indiana Pacers,Detroit Pistons,103.0,97.0,6.0,Home,,True,2012
0021100962,2012-04-23,NJN,PHI,New Jersey Nets,Philadelphia 76ers,87.0,105.0,-18.0,Home,,True,2012
0021100963,2012-04-23,MIL,TOR,Milwaukee Bucks,Toronto Raptors,92.0,86.0,6.0,Home,,True,2012
0021100964,2012-04-23,MEM,CLE,Memphis Grizzlies,Cleveland Cavaliers,109.0,101.0,8.0,Home,,True,2012
0021100965,2012-04-23,SAS,POR,San Antonio Spurs,Portland Trail Blazers,124.0,89.0,35.0,Home,,True,2012
0021100966,2012-04-24,ATL,LAC,Atlanta Hawks,Los Angeles Clippers,109.0,102.0,7.0,Home,,True,2012
0021100967,2012-04-24,BOS,MIA,Boston Celtics,Miami Heat,78.0,66.0,12.0,Home,,True,2012
0021100968,2012-04-24,OKC,SAC,Oklahoma City Thunder,Sacramento Kings,118.0,110.0,8.0,Home,,True,2012
0021100969,2012-04-24,UTA,PHX,Utah Jazz,Phoenix Suns,100.0,88.0,12.0,Home,,True,2012
0021100970,2012-04-24,GSW,NOH,Golden State Warriors,New Orleans Hornets,81.0,83.0,-2.0,Home,,True,2012
0021100971,2012-04-25,ORL,CHA,Orlando Magic,Charlotte Bobcats,102.0,95.0,7.0,Home,,True,2012
0021100972,2012-04-25,CLE,WAS,Cleveland Cavaliers,Washington Wizards,85.0,96.0,-11.0,Home,,True,2012
0021100973,2012-04-25,IND,CHI,Indiana Pacers,Chicago Bulls,87.0,92.0,-5.0,Home,,True,2012
0021100974,2012-04-25,NYK,LAC,New York Knicks,Los Angeles Clippers,99.0,93.0,6.0,Home,,True,2012
0021100975,2012-04-25,MIL,PHI,Milwaukee Bucks,Philadelphia 76ers,85.0,90.0,-5.0,Home,,True,2012
0021100976,2012-04-25,OKC,DEN,Oklahoma City Thunder,Denver Nuggets,101.0,106.0,-5.0,Home,,True,2012
0021100977,2012-04-25,PHX,SAS,Phoenix Suns,San Antonio Spurs,106.0,110.0,-4.0,Home,,True,2012
0021100978,2012-04-26,DET,PHI,Detroit Pistons,Philadelphia 76ers,108.0,86.0,22.0,Home,,True,2012
0021100979,2012-04-26,BOS,MIL,Boston Celtics,Milwaukee Bucks,87.0,74.0,13.0,Home,,True,2012
0021100980,2012-04-26,TOR,NJN,Toronto Raptors,New Jersey Nets,98.0,67.0,31.0,Home,,True,2012
0021100981,2012-04-26,WAS,MIA,Washington Wizards,Miami Heat,104.0,70.0,34.0,Home,,True,2012
0021100982,2012-04-26,CHA,NYK,Charlotte Bobcats,New York Knicks,84.0,104.0,-20.0,Home,,True,2012
0021100983,2012-04-26,ATL,DAL,Atlanta Hawks,Dallas Mavericks,106.0,89.0,17.0,Home,,True,2012
0021100984,2012-04-26,CHI,CLE,Chicago Bulls,Cleveland Cavaliers,107.0,75.0,32.0,Home,,True,2012
0021100985,2012-04-26,MEM,ORL,Memphis Grizzlies,Orlando Magic,88.0,76.0,12.0,Home,,True,2012
0021100986,2012-04-26,HOU,NOH,Houston Rockets,New Orleans Hornets,84.0,77.0,7.0,Home,,True,2012
0021100987,2012-04-26,MIN,DEN,Minnesota Timberwolves,Denver Nuggets,102.0,131.0,-29.0,Home,,True,2012
0021100988,2012-04-26,UTA,POR,Utah Jazz,Portland Trail Blazers,96.0,94.0,2.0,Home,,True,2012
0021100989,2012-04-26,SAC,LAL,Sacramento Kings,Los Angeles Lakers,113.0,96.0,17.0,Home,,True,2012
0021100990,2012-04-26,GSW,SAS,Golden State Warriors,San Antonio Spurs,101.0,107.0,-6.0,Home,,True,2012
